Transaction ID,Member ID,Payment method,Payment Amount,Discount,On Account,Transaction Amount,Amount Due,Amount Paid,Amount Due For Line Item,Actual Paid,Date,Item Type,Applicable Taxes,Item ID,Item Name,Membership Type,Project ID,Project Name,Handled By,Notes,Renewal
3858581,5302,,,,,,,,,,1/1/2024 12:35 PM,Membership Change,,,,Request_CheckIDAddressPhoneDOB,,,sea,,
3859497,5303,,,,,,,,,,1/2/2024 10:00 AM,Membership Change,,,,Request_CheckIDAddressPhoneDOB,,,nna,,
3860077,5304,,,,,,,,,,1/2/2024 3:37 PM,Membership Change,,,,Request_CheckIDAddressPhoneDOB,,,cma,,
3860405,3414,,,,,,,,,,1/2/2024 5:44 PM,Loan Return,,4119.0,Grommet Pliers,,,,dan,,
3860405,3414,,,,,,,,,,1/2/2024 5:44 PM,Check Out (Renewal),,4119.0,Grommet Pliers,,,,dan,self-renewal,Renewal
3860406,3414,,,,,,,,,,1/2/2024 5:44 PM,Loan Return,,8232.0,Grommet Pliers,,,,dan,,
3860406,3414,,,,,,,,,,1/2/2024 5:44 PM,Check Out (Renewal),,8232.0,Grommet Pliers,,,,dan,self-renewal,Renewal
3860419,4094,,,,,,,,,,1/2/2024 5:50 PM,Loan Return,,7665.0,Stilts,,,,jar,,
3860443,910,,,,,,,,,,1/2/2024 6:02 PM,Loan Return,,4538.0,"Combination Wrench, 3/8in",,,,jar,,
3860443,910,,,,,,,,,,1/2/2024 6:02 PM,Loan Return,,4678.0,Auger,,,,jar,,
3860451,5169,,,,,6.0,6.00,6.0,4.4,4.4,1/2/2024 6:04 PM,Late Fee,,838.0,Tap and Die Set (missing some taps),,,,jar,,
3860451,5169,,,,,6.0,6.00,6.0,,1.6,1/2/2024 6:04 PM,Donation,,,,,,,jar,,
3860451,5169,Cash,6.0,,,6.0,6.00,6.0,,,1/2/2024 6:04 PM,,,,,,,,,,
3860470,3794,,,,,0.05,0.05,2.25,,0.05,1/2/2024 6:14 PM,Membership Fee,,,,regular,,,jar,,
3860470,3794,,,,,0.05,0.05,2.25,,,1/2/2024 6:14 PM,Check Out,,9580.0,Corded Drill,,,,jar,,
3860470,3794,On Account,,,(2.20),0.05,0.05,2.25,,,1/2/2024 6:14 PM,,,,,,,,,,
3860470,3794,Cash,2.25,,,0.05,0.05,2.25,,,1/2/2024 6:14 PM,,,,,,,,,,
3860471,3794,,,,,10.0,10.00,10.0,,10.0,1/2/2024 6:15 PM,Donation,,,,,,,jar,,
3860471,3794,Cash,10.0,,,10.0,10.00,10.0,,,1/2/2024 6:15 PM,,,,,,,,,,
3860472,3278,,,,,,,,,,1/2/2024 6:16 PM,Membership Change,,,,regular,,,jar,,
3860476,5251,,,,,2.8,2.80,2.8,1.4,1.4,1/2/2024 6:22 PM,Late Fee,,4616.0,Bottom Bracket Tool,,,,jar,,
3860476,5251,,,,,2.8,2.80,2.8,1.4,1.4,1/2/2024 6:22 PM,Late Fee,,6312.0,Bottom Bracket Tool,,,,jar,,
3860476,5251,Cash,2.8,,,2.8,2.80,2.8,,,1/2/2024 6:22 PM,,,,,,,,,,
3860479,4263,,,,,,,,,,1/2/2024 6:24 PM,Membership Change,,,,regular,,,jar,,
3860479,4263,,,,,,,,,,1/2/2024 6:24 PM,Check Out,,8390.0,Hack Saw,,,,jar,,
3860479,4263,,,,,,,,,,1/2/2024 6:24 PM,Check Out,,5137.0,Tin Snips,,,,jar,,
3860482,5139,,,,,,,,,,1/2/2024 6:26 PM,Loan Return,,1388.0,"Shop Vac (14Gal), Wet/Dry, Bucket",,,,jar,,
3860482,5139,,,,,,,,,,1/2/2024 6:26 PM,Loan Return,,9548.0,Work Light,,,,jar,,
3860482,5139,,,,,,,,,,1/2/2024 6:26 PM,Loan Return,,9195.0,Work Light with stand,,,,jar,,
3860482,5139,,,,,,,,,,1/2/2024 6:26 PM,Loan Return,,712.0,Jack Post,,,,jar,,
3860482,5139,,,,,,,,,,1/2/2024 6:26 PM,Loan Return,,713.0,Jack Post,,,,jar,,
3860482,5139,,,,,,,,,,1/2/2024 6:26 PM,Check Out (Renewal),,9195.0,Work Light with stand,,,,jar,User called in 2024-01-02 to renew over the phone.,Renewal
3860482,5139,,,,,,,,,,1/2/2024 6:26 PM,Check Out (Renewal),,9548.0,Work Light,,,,jar,User called in 2024-01-02 to renew over the phone.,Renewal
3860482,5139,,,,,,,,,,1/2/2024 6:26 PM,Check Out (Renewal),,1388.0,"Shop Vac (14Gal), Wet/Dry, Bucket",,,,jar,User called in 2024-01-02 to renew over the phone.,Renewal
3860482,5139,,,,,,,,,,1/2/2024 6:26 PM,Check Out (Renewal),,712.0,Jack Post,,,,jar,User called in 2024-01-02 to renew over the phone.,Renewal
3860482,5139,,,,,,,,,,1/2/2024 6:26 PM,Check Out (Renewal),,713.0,Jack Post,,,,jar,User called in 2024-01-02 to renew over the phone.,Renewal
3860482,5139,On Account,,,,,,,,,1/2/2024 6:26 PM,,,,,,,,,,
3860486,3736,,,,,,,,,,1/2/2024 6:30 PM,Loan Return,,8823.0,Planes,,,,jar,,
3860487,5305,,,,,,,,,,1/2/2024 6:30 PM,Membership Change,,,,Request_CheckIDAddressPhoneDOB,,,Bad,,
3860500,5305,,,,,,,,,,1/2/2024 6:35 PM,Membership Change,,,,regular,,,jar,,
3860543,5139,,,,,,,,,,1/2/2024 7:04 PM,Loan Return,,712.0,Jack Post,,,,jar,,
3860543,5139,,,,,,,,,,1/2/2024 7:04 PM,Loan Return,,713.0,Jack Post,,,,jar,,
3860543,5139,,,,,,,,,,1/2/2024 7:04 PM,Check Out,,4063.0,Wire Tracer,,,,jar,,
3860543,5139,On Account,,,,,,,,,1/2/2024 7:04 PM,,,,,,,,,,
3860569,5200,,,,,,,,,,1/2/2024 7:31 PM,Loan Return,,5404.0,Extendible Scrub Brush,,,,jar,,
3860569,5200,,,,,,,,,,1/2/2024 7:31 PM,Loan Return,,3942.0,Square Shovel,,,,jar,,
3860584,2291,,,,,,,,,,1/2/2024 7:51 PM,Loan Return,,4305.0,Iron,,,,msh,,
3860584,2291,,,,,,,,,,1/2/2024 7:51 PM,Check Out (Renewal),,4305.0,Iron,,,,msh,self-renewal,Renewal
3860585,2291,,,,,,,,,,1/2/2024 7:51 PM,Loan Return,,9352.0,Sewing Machine,,,,msh,,
3860607,4277,,,,,4.0,4.00,4.0,2.0,2.0,1/2/2024 8:35 PM,Late Fee,,6394.0,Chisel,,,,jar,,
3860607,4277,,,,,4.0,4.00,4.0,2.0,2.0,1/2/2024 8:35 PM,Late Fee,,5172.0,Soldering Iron,,,,jar,,
3860607,4277,,,,,4.0,4.00,4.0,,,1/2/2024 8:35 PM,Check Out (Renewal),,5172.0,Soldering Iron,,,,jar,,Renewal
3860607,4277,Cash,4.0,,,4.0,4.00,4.0,,,1/2/2024 8:35 PM,,,,,,,,,,
3860611,393,,,,,,,,,,1/2/2024 8:49 PM,Check Out,,2084.0,Scrolling cut saw,,,,jar,,
3860611,393,On Account,,,,,,,,,1/2/2024 8:49 PM,,,,,,,,,,
3860620,393,,,,,,,,,,1/2/2024 8:56 PM,Loan Return,,8963.0,Random Orbit Sander,,,,jar,,
3860620,393,On Account,,,,,,,,,1/2/2024 8:56 PM,,,,,,,,,,
3860622,5230,,,,,,,,,,1/2/2024 8:57 PM,Check Out,,3759.0,Profile Sander,,,,jar,,
3861862,5306,,,,,,,,,,1/3/2024 2:33 PM,Membership Change,,,,Request_CheckIDAddressPhoneDOB,,,kau,,
3862369,5307,,,,,,,,,,1/3/2024 5:49 PM,Membership Change,,,,Request_CheckIDAddressPhoneDOB,,,Ash,,
3862451,5300,,,,,,,,,,1/3/2024 6:57 PM,Loan Return,,7479.0,Stud Finder,,,,sam,,
3862454,58,,,,,,,,,,1/3/2024 7:05 PM,Loan Return,,7739.0,Jigsaw,,,,sam,,
3862456,58,,,,,,,,,,1/3/2024 7:08 PM,Check Out,,1408.0,paper shredder,,,,sam,,
3862467,5303,,,,,20.0,20.00,20.0,,,1/3/2024 7:34 PM,Membership Change,,,,regular,,,sam,,
3862467,5303,,,,,20.0,20.00,20.0,,,1/3/2024 7:34 PM,Check Out,,6320.0,Socket Wrench,,,,sam,,
3862467,5303,,,,,20.0,20.00,20.0,,,1/3/2024 7:34 PM,Check Out,,287.0,Pedal Wrench,,,,sam,,
3862467,5303,,,,,20.0,20.00,20.0,,,1/3/2024 7:34 PM,Check Out,,6315.0,Chain Wrench,,,,sam,,
3862467,5303,,,,,20.0,20.00,20.0,,,1/3/2024 7:34 PM,Check Out,,7479.0,Stud Finder,,,,sam,,
3862467,5303,,,,,20.0,20.00,20.0,,,1/3/2024 7:34 PM,Check Out,,6829.0,Bike Stand,,,,sam,,
3862467,5303,,,,,20.0,20.00,20.0,,20.0,1/3/2024 7:34 PM,Donation,,,,,,,sam,,
3862467,5303,Cash,20.0,,,20.0,20.00,20.0,,,1/3/2024 7:34 PM,,,,,,,,,,
3862470,5187,,,,,,,,,,1/3/2024 7:35 PM,Check Out,,8813.0,Socket Set,,,,sam,,
3862470,5187,,,,,,,,,,1/3/2024 7:35 PM,Check Out,,9089.0,Hammer,,,,sam,,
3862470,5187,,,,,,,,,,1/3/2024 7:35 PM,Check Out,,9208.0,2 ton jack stands (pair),,,,sam,,
3862498,1345,,,,,,,,,,1/3/2024 8:30 PM,Loan Return,,9245.0,Axe,,,,sam,,
3862498,1345,,,,,,,,,,1/3/2024 8:30 PM,Loan Return,,3840.0,Chisel,,,,sam,,
3862515,393,,,,,,,,,,1/3/2024 8:52 PM,Check Out,,365.0,T-square,,,,sam,,
3862515,393,On Account,,,,,,,,,1/3/2024 8:52 PM,,,,,,,,,,
3862523,1909,,,,,,,,,,1/3/2024 8:58 PM,Check Out,,9061.0,Corded Drill,,,,sam,,
3862523,1909,,,,,,,,,,1/3/2024 8:58 PM,Check Out,,8884.0,Bench Vise,,,,sam,,
3862523,1909,,,,,,,,,,1/3/2024 8:58 PM,Check Out,,7762.0,Quick Grip Clamp,,,,sam,,
3862523,1909,,,,,,,,,,1/3/2024 8:58 PM,Check Out,,9175.0,Allen wrench set,,,,sam,,
3862523,1909,,,,,,,,,,1/3/2024 8:58 PM,Check Out,,4849.0,Bar Clamp,,,,sam,,
3862523,1909,,,,,,,,,,1/3/2024 8:58 PM,Check Out,,4852.0,Bar Clamp,,,,sam,,
3863851,5308,,,,,,,,,,1/4/2024 1:34 PM,Membership Change,,,,Request_CheckIDAddressPhoneDOB,,,chr,,
3864523,1081,,,,,,,,,,1/4/2024 6:21 PM,Loan Return,,866.0,File,,,,msh,,
3864564,4781,,,,,,,,,,1/4/2024 7:01 PM,Loan Return,,9049.0,Air mattress,,,,msh,,
3864564,4781,,,,,,,,,,1/4/2024 7:01 PM,Check Out,,6844.0,Stud Finder,,,,msh,,
3864575,5007,,,,,,,,,,1/4/2024 7:10 PM,Check Out,,7817.0,"Shop Vac, Wet/Dry, 10 Gal",,,,msh,,
3864575,5007,,,,,,,,,,1/4/2024 7:10 PM,Check Out,,6679.0,Sharpening Stone,,,,msh,,
3864575,5007,On Account,,,,,,,,,1/4/2024 7:10 PM,,,,,,,,,,
3864632,5230,,,,,,,,,,1/4/2024 8:20 PM,Loan Return,,3759.0,Profile Sander,,,,msh,,
3864632,5230,,,,,,,,,,1/4/2024 8:20 PM,Check Out (Renewal),,3759.0,Profile Sander,,,,msh,,Renewal
3864632,5230,,,,,,,,,,1/4/2024 8:20 PM,Check Out,,3996.0,Level,,,,msh,,
3865584,5309,,,,,,,,,,1/5/2024 11:44 AM,Membership Change,,,,Request_CheckIDAddressPhoneDOB,,,jrg,,
3866831,5310,,,,,,,,,,1/5/2024 8:38 PM,Membership Change,,,,Request_CheckIDAddressPhoneDOB,,,i8p,,
3867811,3467,,,,,,,,,,1/6/2024 9:23 AM,Membership Change,,,,regular,,,jar,,
3867811,3467,,,,,,,,,,1/6/2024 9:23 AM,Loan Return,,243.0,Mancala,,,,jar,,
3867811,3467,,,,,,,,,,1/6/2024 9:23 AM,Loan Return,,247.0,Big Boggle,,,,jar,,
3867811,3467,,,,,,,,,,1/6/2024 9:23 AM,Loan Return,,9009.0,Mouse Trap,,,,jar,,
3867811,3467,On Account,,,,,,,,,1/6/2024 9:23 AM,,,,,,,,,,
3868007,5311,,,,,,,,,,1/6/2024 10:23 AM,Membership Change,,,,Request_CheckIDAddressPhoneDOB,,,rob,,
3868012,5311,,,,,,,,,,1/6/2024 10:25 AM,Membership Change,,,,regular,,,jar,,
3868012,5311,,,,,,,,,,1/6/2024 10:25 AM,Check Out,,6508.0,Wood Burner,,,,jar,,
3868068,5227,,,,,0.4,,,0.4,0.4,1/6/2024 10:38 AM,Late Fee,,4928.0,Needle Nose Pliers,,,,jar,,
3868068,5227,Discount,,0.4,,0.4,,,,,1/6/2024 10:38 AM,,,,,,,,,"Member didn't return item, it was found in stock??",
3868072,5276,,,,,,,,,,1/6/2024 10:39 AM,Loan Return,,4336.0,Pipe Wrench,,,,jar,,
3868072,5276,,,,,,,,,,1/6/2024 10:39 AM,Loan Return,,4169.0,Slip Joint Pliers,,,,jar,,
3868135,5276,,,,,,,,,,1/6/2024 10:50 AM,Check Out,,5801.0,Level,,,,jar,,
3868135,5276,,,,,,,,,,1/6/2024 10:50 AM,Check Out,,5328.0,Superior Tool 03845 Sinkdrain Wrench,,,,jar,,
3868135,5276,,,,,,,,,,1/6/2024 10:50 AM,Check Out,,4930.0,Rasp,,,,jar,,
3868135,5276,,,,,,,,,,1/6/2024 10:50 AM,Check Out,,3938.0,Hand Rasp,,,,jar,,
3868167,5307,,,,,,,,,,1/6/2024 10:55 AM,Membership Change,,,,regular,,,jar,,
3868174,5307,,,,,20.0,20.00,20.0,,20.0,1/6/2024 10:56 AM,Donation,,,,,,,jar,,
3868174,5307,External Credit/Debit,20.0,,,20.0,20.00,20.0,,,1/6/2024 10:56 AM,,,,,,,,,,
3868223,892,,,,,,,,,,1/6/2024 11:05 AM,Check Out,,8381.0,Auger,,,,jar,,
3868287,5309,,,,,,,,,,1/6/2024 11:17 AM,Membership Change,,,,regular,,,jar,,
3868287,5309,,,,,,,,,,1/6/2024 11:17 AM,Check Out,,7462.0,Dehumidifier,,,,jar,,
3868296,5285,,,,,5.0,5.00,5.0,,,1/6/2024 11:18 AM,Membership Change,,,,regular,,,jar,,
3868296,5285,,,,,5.0,5.00,5.0,,,1/6/2024 11:18 AM,Check Out,,4479.0,Volt Meter,,,,jar,,
3868296,5285,,,,,5.0,5.00,5.0,,5.0,1/6/2024 11:18 AM,Donation,,,,,,,jar,,
3868296,5285,External Credit/Debit,5.0,,,5.0,5.00,5.0,,,1/6/2024 11:18 AM,,,,,,,,,,
3868373,5312,,,,,,,,,,1/6/2024 11:32 AM,Membership Change,,,,Request_CheckIDAddressPhoneDOB,,,cor,,
3868390,5312,,,,,20.0,20.00,20.0,,,1/6/2024 11:35 AM,Membership Change,,,,regular,,,jar,,
3868390,5312,,,,,20.0,20.00,20.0,,20.0,1/6/2024 11:35 AM,Donation,,,,,,,jar,,
3868390,5312,Cash,20.0,,,20.0,20.00,20.0,,,1/6/2024 11:35 AM,,,,,,,,,,
3868431,5313,,,,,,,,,,1/6/2024 11:43 AM,Membership Change,,,,Request_CheckIDAddressPhoneDOB,,,tmi,,
3868437,5313,,,,,,,,,,1/6/2024 11:43 AM,Membership Change,,,,regular,,,jar,,
3868437,5313,,,,,,,,,,1/6/2024 11:43 AM,Check Out,,2090.0,Hack saw,,,,jar,,
3868468,5089,,,,,5.2,5.20,5.2,1.3,1.3,1/6/2024 11:50 AM,Late Fee,,9526.0,Shears,,,,jar,,
3868468,5089,,,,,5.2,5.20,5.2,1.3,1.3,1/6/2024 11:50 AM,Late Fee,,7102.0,Shears,,,,jar,,
3868468,5089,,,,,5.2,5.20,5.2,1.3,1.3,1/6/2024 11:50 AM,Late Fee,,317.0,Ladder,,,,jar,,
3868468,5089,,,,,5.2,5.20,5.2,1.3,1.3,1/6/2024 11:50 AM,Late Fee,,9368.0,Lopper,,,,jar,,
3868468,5089,External Credit/Debit,5.2,,,5.2,5.20,5.2,,,1/6/2024 11:50 AM,,,,,,,,,,
3868515,5089,,,,,,,,,,1/6/2024 11:58 AM,Check Out,,9255.0,Square shovel,,,,jar,,
3868515,5089,,,,,,,,,,1/6/2024 11:58 AM,Check Out,,761.0,Tree Pruner,,,,jar,,
3868515,5089,,,,,,,,,,1/6/2024 11:58 AM,Check Out,,8134.0,Lopper,,,,jar,,
3868520,4001,,,,,,,,,,1/6/2024 11:58 AM,Loan Return,,7020.0,Jigsaw,,,,jar,,
3868530,1402,,,,,,,,,,1/6/2024 12:02 PM,Check Out,,7402.0,Hole Saw Kit,,,,jar,,
3868530,1402,,,,,,,,,,1/6/2024 12:02 PM,Check Out,,7339.0,"Hole Saw, 2-7/8in",,,,jar,,
3868534,4001,,,,,,,,,,1/6/2024 12:02 PM,Check Out,,625.0,Claw Hammer,,,,jar,,
3868534,4001,,,,,,,,,,1/6/2024 12:02 PM,Check Out,,5531.0,"Crow Bar, Pointed End",,,,jar,,
3868837,51,,,,,,,,,,1/6/2024 1:52 PM,Check Out,,9352.0,Sewing Machine,,,,Gin,,
3869259,5314,,,,,,,,,,1/6/2024 8:33 PM,Membership Change,,,,Request_CheckIDAddressPhoneDOB,,,zre,,
3869895,5074,,,,,,,,,,1/7/2024 1:05 PM,Loan Return,,111.0,"Paint Roller, Small",,,,rit,,
3869895,5074,,,,,,,,,,1/7/2024 1:05 PM,Check Out (Renewal),,111.0,"Paint Roller, Small",,,,rit,self-renewal,Renewal
3870108,5315,,,,,,,,,,1/7/2024 3:20 PM,Membership Change,,,,Request_CheckIDAddressPhoneDOB,,,ali,,
3870123,5316,,,,,,,,,,1/7/2024 3:32 PM,Membership Change,,,,Request_CheckIDAddressPhoneDOB,,,ekp,,
3870129,5317,,,,,,,,,,1/7/2024 3:41 PM,Membership Change,,,,Request_CheckIDAddressPhoneDOB,,,sru,,
3870411,5221,,,,,20.0,20.00,20.0,,20.0,1/7/2024 4:13 PM,Membership Fee,,,,regular,,,msh,,
3870411,5221,Cash,20.0,,,20.0,20.00,20.0,,,1/7/2024 4:13 PM,,,,,,,,,,
3870429,5221,,,,,,,,,,1/7/2024 4:13 PM,Check Out,,3744.0,Circular Saw,,,,msh,,
3870429,5221,,,,,,,,,,1/7/2024 4:13 PM,Check Out,,8963.0,Random Orbit Sander,,,,msh,,
3870472,3571,,,,,20.0,20.00,20.0,,20.0,1/7/2024 4:19 PM,Membership Fee,,,,regular,,,msh,,
3870472,3571,Cash,20.0,,,20.0,20.00,20.0,,,1/7/2024 4:19 PM,,,,,,,,,,
3870476,3571,,,,,,,,,,1/7/2024 4:30 PM,Check Out,,9555.0,Hole Saw Kit,,,,msh,"1"" hole saw and 2-9/16"" hole saw with obscured number",
3870479,2280,,,,,25.0,25.00,25.0,,25.0,1/7/2024 4:31 PM,Membership Fee,,,,regular,,,msh,,
3870479,2280,,,,,25.0,25.00,25.0,,,1/7/2024 4:31 PM,Check Out,,856.0,Extension Cord,,,,msh,,
3870479,2280,,,,,25.0,25.00,25.0,,,1/7/2024 4:31 PM,Check Out,,3958.0,"Corded Drill, 1/4in",,,,msh,,
3870479,2280,External Credit/Debit,25.0,,,25.0,25.00,25.0,,,1/7/2024 4:31 PM,,,,,,,,,,
3870482,4263,,,,,,,,,,1/7/2024 4:33 PM,Loan Return,,8390.0,Hack Saw,,,,msh,,
3870482,4263,,,,,,,,,,1/7/2024 4:33 PM,Loan Return,,5137.0,Tin Snips,,,,msh,,
3870499,5318,,,,,10.0,10.00,10.0,,10.0,1/7/2024 4:49 PM,Membership Fee,,,,regular,,,msh,,
3870499,5318,Cash,10.0,,,10.0,10.00,10.0,,,1/7/2024 4:49 PM,,,,,,,,,,
3870500,5319,,,,,,,,,,1/7/2024 4:49 PM,Membership Change,,,,Request_CheckIDAddressPhoneDOB,,,rus,,
3870504,5319,,,,,25.0,25.00,25.0,,25.0,1/7/2024 4:51 PM,Membership Fee,,,,regular,,,msh,,
3870504,5319,Cash,25.0,,,25.0,25.00,25.0,,,1/7/2024 4:51 PM,,,,,,,,,,
3870505,3774,,,,,20.0,20.00,20.0,,20.0,1/7/2024 4:51 PM,Membership Fee,,,,regular,,,msh,,
3870505,3774,,,,,20.0,20.00,20.0,,,1/7/2024 4:51 PM,Check Out,,4324.0,Cordless Drill,,,,msh,,
3870505,3774,Cash,20.0,,,20.0,20.00,20.0,,,1/7/2024 4:51 PM,,,,,,,,,,
3870512,3469,,,,,5.0,5.00,5.0,,5.0,1/7/2024 4:59 PM,Membership Fee,,,,regular,,,msh,,
3870512,3469,Cash,5.0,,,5.0,5.00,5.0,,,1/7/2024 4:59 PM,,,,,,,,,,
3870513,3469,,,,,,,,,,1/7/2024 4:59 PM,Check Out,,5227.0,Square,,,,msh,,
3870514,5274,,,,,,,,,,1/7/2024 5:01 PM,Check Out,,9550.0,Spade,,,,msh,,
3870514,5274,,,,,,,,,,1/7/2024 5:01 PM,Check Out,,4136.0,Pipe Wrench,,,,msh,,
3870514,5274,,,,,,,,,,1/7/2024 5:01 PM,Check Out,,6788.0,Tamper,,,,msh,,
3870514,5274,,,,,,,,,,1/7/2024 5:01 PM,Check Out,,8758.0,Rake,,,,msh,,
3870514,5274,,,,,,,,,,1/7/2024 5:01 PM,Check Out,,9429.0,Rake,,,,msh,,
3870518,240,,,,,,,,,,1/7/2024 5:06 PM,Check Out,,5500.0,Hand Saw,,,,msh,,
3870526,5266,,,,,0.1,,,0.1,0.1,1/7/2024 5:12 PM,Late Fee,,855.0,OBDII Diagnostic Tool,,,,msh,,
3870526,5266,Discount,,0.1,,0.1,,,,,1/7/2024 5:12 PM,,,,,,,,,,
3870533,5320,,,,,,,,,,1/7/2024 5:23 PM,Membership Change,,,,Request_CheckIDAddressPhoneDOB,,,ier,,
3870535,5320,,,,,,,,,,1/7/2024 5:25 PM,Membership Change,,,,regular,,,msh,,
3870541,4327,,,,,,,,,,1/7/2024 5:41 PM,Check Out,,6466.0,Bar Clamp,,,,msh,,
3870541,4327,,,,,,,,,,1/7/2024 5:41 PM,Check Out,,900.0,"30"" Bar Clamp",,,,msh,,
3870547,5154,,,,,11.2,11.20,,2.8,2.8,1/7/2024 5:48 PM,Late Fee,,9371.0,Ryobi One+ Battery (1.5Ah),,,,msh,,
3870547,5154,,,,,11.2,11.20,,2.8,2.8,1/7/2024 5:48 PM,Late Fee,,9170.0,Circular Saw,,,,msh,,
3870547,5154,,,,,11.2,11.20,,2.8,2.8,1/7/2024 5:48 PM,Late Fee,,9074.0,Cordless Drill,,,,msh,,
3870547,5154,,,,,11.2,11.20,,2.8,2.8,1/7/2024 5:48 PM,Late Fee,,9339.0,Ryobi One+ Battery Charger,,,,msh,,
3870547,5154,On Account,,,11.20,11.2,11.20,,,,1/7/2024 5:48 PM,,,,,,,,,,
3870550,5133,,,,,6.8,6.80,7.0,6.8,6.8,1/7/2024 6:10 PM,Late Fee,,832.0,Cordless Drill Set,,,,msh,,
3870550,5133,Cash,7.0,,,6.8,6.80,7.0,,,1/7/2024 6:10 PM,,,,,,,,,,
3870550,5133,On Account,,,(0.20),6.8,6.80,7.0,,,1/7/2024 6:10 PM,,,,,,,,,,
3870557,5321,,,,,,,,,,1/7/2024 6:29 PM,Membership Change,,,,Request_CheckIDAddressPhoneDOB,,,aer,,
3870559,5321,,,,,,,,,,1/7/2024 6:30 PM,Membership Change,,,,regular,,,msh,,
3870569,5288,,,,,0.5,,,0.5,0.5,1/7/2024 6:55 PM,Late Fee,,9055.0,Sewer Auger,,,,msh,,
3870569,5288,Discount,,0.5,,0.5,,,,,1/7/2024 6:55 PM,,,,,,,,,,
3870571,5288,,,,,,,,,,1/7/2024 7:00 PM,Check Out,,4638.0,Auger,,,,msh,,
3871647,5299,,,,,,,,,,1/8/2024 10:30 AM,Loan Return,,6168.0,Concrete Mixer,,,,jam,,
3871647,5299,,,,,,,,,,1/8/2024 10:30 AM,Check Out (Renewal),,6168.0,Concrete Mixer,,,,jam,self-renewal,Renewal
3871910,5322,,,,,,,,,,1/8/2024 1:41 PM,Membership Change,,,,Request_CheckIDAddressPhoneDOB,,,dan,,
3872296,5323,,,,,,,,,,1/8/2024 4:20 PM,Membership Change,,,,Request_CheckIDAddressPhoneDOB,,,lau,,
3872407,5323,,,,,,,,,,1/8/2024 6:36 PM,Membership Change,,,,regular,,,phl,,
3872417,5323,,,,,,,,,,1/8/2024 6:56 PM,Check Out,,832.0,Cordless Drill Set,,,,phl,,
3872417,5323,,,,,,,,,,1/8/2024 6:56 PM,Check Out,,69.0,Bit Set,,,,phl,,
3872417,5323,,,,,,,,,,1/8/2024 6:56 PM,Check Out,,9316.0,Allen Key Set,,,,phl,,
3872417,5323,,,,,,,,,,1/8/2024 6:56 PM,Check Out,,9302.0,Kobalt Plastic Handle screwdriver,,,,phl,,
3872422,5324,,,,,,,,,,1/8/2024 7:03 PM,Membership Change,,,,Request_CheckIDAddressPhoneDOB,,,aud,,
3872423,4020,,,,,,,,,,1/8/2024 7:05 PM,Check Out,,2083.0,Extension cord,,,,phl,,
3872423,4020,,,,,,,,,,1/8/2024 7:05 PM,Check Out,,9064.0,Reciprocating Saw,,,,phl,,
3872423,4020,,,,,,,,,,1/8/2024 7:05 PM,Check Out,,7635.0,Wood Chipper,,,,phl,,
3872424,5324,,,,,,,,,,1/8/2024 7:06 PM,Membership Change,,,,regular,,,phl,,
3872425,5324,,,,,,,,,,1/8/2024 7:06 PM,Check Out,,275.0,Table,,,,phl,,
3872427,4146,,,,,,,,,,1/8/2024 7:08 PM,Loan Return,,7777.0,Pipe Wrench,,,,phl,,
3872431,5324,,,,,,,,,,1/8/2024 7:15 PM,Check Out,,7062.0,"Folding Chair, Metal",,,,phl,,
3872431,5324,,,,,,,,,,1/8/2024 7:15 PM,Check Out,,170.0,"Folding Chair, Metal",,,,phl,,
3872431,5324,,,,,,,,,,1/8/2024 7:15 PM,Check Out,,173.0,"Folding Chair, Metal",,,,phl,,
3872431,5324,,,,,,,,,,1/8/2024 7:15 PM,Check Out,,6752.0,"Folding Chair, Metal",,,,phl,,
3872431,5324,,,,,,,,,,1/8/2024 7:15 PM,Check Out,,6758.0,"Folding Chair, Metal",,,,phl,,
3872431,5324,,,,,,,,,,1/8/2024 7:15 PM,Check Out,,6760.0,"Folding Chair, Metal",,,,phl,,
3872431,5324,,,,,,,,,,1/8/2024 7:15 PM,Check Out,,6763.0,"Folding Chair, Metal",,,,phl,,
3872431,5324,,,,,,,,,,1/8/2024 7:15 PM,Check Out,,7061.0,"Folding Chair, Metal",,,,phl,,
3872438,5216,,,,,1.6,,,0.8,0.8,1/8/2024 7:47 PM,Late Fee,,9570.0,Random Orbit Polisher,,,,phl,,
3872438,5216,,,,,1.6,,,0.8,0.8,1/8/2024 7:47 PM,Late Fee,,66731.0,Finishing Sander,,,,phl,,
3872438,5216,,,,,1.6,,,,,1/8/2024 7:47 PM,Check Out (Renewal),,66731.0,Finishing Sander,,,,phl,,Renewal
3872438,5216,,,,,1.6,,,,,1/8/2024 7:47 PM,Check Out (Renewal),,9570.0,Random Orbit Polisher,,,,phl,,Renewal
3872438,5216,Discount,,1.6,,1.6,,,,,1/8/2024 7:47 PM,,,,,,,,,,
3872482,5003,,,,,,,,,,1/8/2024 8:41 PM,Check Out,,282.0,Profile Sander,,,,hlb,,
3872482,5003,,,,,,,,,,1/8/2024 8:41 PM,Check Out,,5048.0,Profile Sander,,,,hlb,,
3872485,5325,,,,,5.0,5.00,5.0,,5.0,1/8/2024 8:49 PM,Membership Fee,,,,regular,,,hlb,,
3872485,5325,External Credit/Debit,5.0,,,5.0,5.00,5.0,,,1/8/2024 8:49 PM,,,,,,,,,,
3872494,5216,,,,,,,,,,1/8/2024 9:01 PM,Check Out,,6839.0,Car Jack,,,,hlb,,
3872494,5216,,,,,,,,,,1/8/2024 9:01 PM,Check Out,,9424.0,tire ramps,,,,hlb,,
3872494,5216,,,,,,,,,,1/8/2024 9:01 PM,Check Out,,8039.0,Cable Chains,,,,hlb,,
3872494,5216,,,,,,,,,,1/8/2024 9:01 PM,Check Out,,4138.0,Tire Iron,,,,hlb,,
3872494,5216,,,,,,,,,,1/8/2024 9:01 PM,Check Out,,4251.0,Strap Wrench,,,,hlb,,
3872494,5216,,,,,,,,,,1/8/2024 9:01 PM,Check Out,,9111.0,Flathead screwdriver,,,,hlb,,
3872496,5216,,,,,,,,,,1/8/2024 9:03 PM,Check Out,,6805.0,Flat Screwdriver,,,,hlb,,
3872592,3148,,,,,1.2,1.20,,0.6,0.6,1/8/2024 9:29 PM,Late Fee,,7750.0,Staple Gun,,,,hlb,,
3872592,3148,,,,,1.2,1.20,,0.6,0.6,1/8/2024 9:29 PM,Late Fee,,9358.0,Knee Pads,,,,hlb,,
3872592,3148,,,,,1.2,1.20,,,,1/8/2024 9:29 PM,Loan Return,,8947.0,Hand Truck,,,,hlb,,
3872592,3148,,,,,1.2,1.20,,,,1/8/2024 9:29 PM,Loan Return,,66736.0,Hardwood Dolly,,,,hlb,,
3872592,3148,On Account,,,1.20,1.2,1.20,,,,1/8/2024 9:29 PM,,,,,,,,,,
3872611,2291,,,,,,,,,,1/8/2024 9:51 PM,Loan Return,,4305.0,Iron,,,,msh,,
3872611,2291,,,,,,,,,,1/8/2024 9:51 PM,Check Out,,8836.0,24 Cups and Silverware Sets in Yellow Bucket,,,,msh,,
3872611,2291,,,,,,,,,,1/8/2024 9:51 PM,Check Out,,744.0,24 Plates in Yellow Bucket,,,,msh,,
3874301,5326,,,,,,,,,,1/9/2024 4:35 PM,Membership Change,,,,Request_CheckIDAddressPhoneDOB,,,The,,
3874486,5139,,,,,,,,,,1/9/2024 6:13 PM,Check Out,,9210.0,Tower Fan,,,,jar,,
3874486,5139,,,,,,,,,,1/9/2024 6:13 PM,Check Out,,5139.0,Fan,,,,jar,,
3874486,5139,,,,,,,,,,1/9/2024 6:13 PM,Check Out,,1409.0,Fan,,,,jar,,
3874486,5139,On Account,,,,,,,,,1/9/2024 6:13 PM,,,,,,,,,,
3874490,5285,,,,,,,,,,1/9/2024 6:18 PM,Loan Return,,4479.0,Volt Meter,,,,jar,,
3874490,5285,,,,,,,,,,1/9/2024 6:18 PM,Check Out,,7476.0,Channel Lock Pliers,,,,jar,,
3874490,5285,,,,,,,,,,1/9/2024 6:18 PM,Check Out,,4336.0,Pipe Wrench,,,,jar,,
3874505,4781,,,,,,,,,,1/9/2024 6:31 PM,Loan Return,,6844.0,Stud Finder,,,,jar,,
3874523,2649,,,,,,,,,,1/9/2024 6:46 PM,Membership Change,,,,regular,,,jar,,
3874523,2649,,,,,,,,,,1/9/2024 6:46 PM,Check Out,,7837.0,Smoothing Plane,,,,jar,,
3874523,2649,,,,,,,,,,1/9/2024 6:46 PM,Check Out,,8009.0,Bench Plane,,,,jar,,
3874527,5326,,,,,,,,,,1/9/2024 6:51 PM,Membership Change,,,,regular,,,jar,,
3874527,5326,,,,,,,,,,1/9/2024 6:51 PM,Check Out,,385.0,Snow Shovel,,,,jar,,
3874527,5326,,,,,,,,,,1/9/2024 6:51 PM,Check Out,,868.0,Snow Shovel,,,,jar,,
3874541,1627,,,,,,,,,,1/9/2024 7:09 PM,Check Out,,6859.0,Angle Grinder,,,,jar,,
3874541,1627,,,,,,,,,,1/9/2024 7:09 PM,Check Out,,5414.0,Tile Cutter,,,,jar,,
3874541,1627,,,,,,,,,,1/9/2024 7:09 PM,Check Out,,3831.0,Grout Float,,,,jar,,
3874541,1627,,,,,,,,,,1/9/2024 7:09 PM,Check Out,,4041.0,Mud Pan,,,,jar,,
3874541,1627,,,,,,,,,,1/9/2024 7:09 PM,Check Out,,9346.0,tile cutter,,,,jar,,
3874541,1627,,,,,,,,,,1/9/2024 7:09 PM,Check Out,,5327.0,Notched Trowel,,,,jar,,
3874541,1627,On Account,,,,,,,,,1/9/2024 7:09 PM,,,,,,,,,,
3874555,5327,,,,,,,,,,1/9/2024 7:14 PM,Membership Change,,,,Request_CheckIDAddressPhoneDOB,,,spr,,
3874560,5313,,,,,,,,,,1/9/2024 7:17 PM,Loan Return,,2090.0,Hack saw,,,,jar,,
3874581,1909,,,,,,,,,,1/9/2024 7:39 PM,Loan Return,,899.0,Bar Clamp,,,,jar,,
3874581,1909,,,,,,,,,,1/9/2024 7:39 PM,Loan Return,,4849.0,Bar Clamp,,,,jar,,
3874581,1909,,,,,,,,,,1/9/2024 7:39 PM,Loan Return,,4852.0,Bar Clamp,,,,jar,,
3874581,1909,,,,,,,,,,1/9/2024 7:39 PM,Loan Return,,5261.0,Bar Clamp,,,,jar,,
3874581,1909,,,,,,,,,,1/9/2024 7:39 PM,Loan Return,,6881.0,Bar Clamp,,,,jar,,
3874581,1909,,,,,,,,,,1/9/2024 7:39 PM,Loan Return,,6942.0,Bar Clamp,,,,jar,,
3874581,1909,,,,,,,,,,1/9/2024 7:39 PM,Loan Return,,8994.0,Bar Clamp,,,,jar,,
3874581,1909,,,,,,,,,,1/9/2024 7:39 PM,Loan Return,,9175.0,Allen wrench set,,,,jar,,
3874581,1909,,,,,,,,,,1/9/2024 7:39 PM,Loan Return,,9061.0,Corded Drill,,,,jar,,
3874581,1909,,,,,,,,,,1/9/2024 7:39 PM,Loan Return,,7762.0,Quick Grip Clamp,,,,jar,,
3874581,1909,,,,,,,,,,1/9/2024 7:39 PM,Loan Return,,8884.0,Bench Vise,,,,jar,,
3874581,1909,,,,,,,,,,1/9/2024 7:39 PM,Check Out (Renewal),,9061.0,Corded Drill,,,,jar,,Renewal
3874591,5283,,,,,,,,,,1/9/2024 7:46 PM,Membership Change,,,,regular,,,jar,,
3874594,5283,,,,,20.0,20.00,20.0,,20.0,1/9/2024 7:50 PM,Donation,,,,,,,jar,,
3874594,5283,External Credit/Debit,20.0,,,20.0,20.00,20.0,,,1/9/2024 7:50 PM,,,,,,,,,,
3874608,5328,,,,,,,,,,1/9/2024 8:09 PM,Membership Change,,,,Request_CheckIDAddressPhoneDOB,,,emm,,
3874609,5328,,,,,,,,,,1/9/2024 8:11 PM,Membership Change,,,,regular,,,jar,,
3874609,5328,,,,,,,,,,1/9/2024 8:11 PM,Check Out,,6844.0,Stud Finder,,,,jar,,
3874609,5328,,,,,,,,,,1/9/2024 8:11 PM,Check Out,,7134.0,Square,,,,jar,,
3874609,5328,,,,,,,,,,1/9/2024 8:11 PM,Check Out,,9364.0,DeWalt 18v Battery,,,,jar,,
3874609,5328,,,,,,,,,,1/9/2024 8:11 PM,Check Out,,66763.0,Cordless Drill,,,,jar,,
3874611,5172,,,,,1.2,1.20,1.2,0.6,0.6,1/9/2024 8:28 PM,Late Fee,,30003.0,Driver Bit Set (impact rated),,,,jar,,
3874611,5172,,,,,1.2,1.20,1.2,0.6,0.6,1/9/2024 8:28 PM,Late Fee,,720.0,Cordless Drill And Impact Set,,,,jar,,
3874611,5172,External Credit/Debit,1.2,,,1.2,1.20,1.2,,,1/9/2024 8:28 PM,,,,,,,,,,
3874615,2649,,,,,,,,,,1/9/2024 8:37 PM,Loan Return,,8009.0,Bench Plane,,,,jar,,
3874615,2649,,,,,,,,,,1/9/2024 8:37 PM,Loan Return,,7837.0,Smoothing Plane,,,,jar,,
3874763,5329,,,,,,,,,,1/9/2024 10:55 PM,Membership Change,,,,Request_CheckIDAddressPhoneDOB,,,isa,,
3876167,5330,,,,,,,,,,1/10/2024 2:04 PM,Membership Change,,,,Request_CheckIDAddressPhoneDOB,,,kma,,
3876694,5330,,,,,5.0,5.00,5.0,,5.0,1/10/2024 6:11 PM,Membership Fee,,,,regular,,,bri,,
3876694,5330,External Credit/Debit,5.0,,,5.0,5.00,5.0,,,1/10/2024 6:11 PM,,,,,,,,,,
3876700,5314,,,,,,,,,,1/10/2024 6:16 PM,Membership Change,,,,regular,,,bri,,
3876704,5330,,,,,,,,,,1/10/2024 6:18 PM,Check Out,,2086.0,Electric Screwdriver,,,,bri,,
3876705,1032,,,,,,,,,,1/10/2024 6:19 PM,Check Out,,8947.0,Hand Truck,,,,bri,,
3876705,1032,,,,,,,,,,1/10/2024 6:19 PM,Check Out,,8321.0,Shoulder Dolly,,,,bri,,
3876710,5331,,,,,,,,,,1/10/2024 6:23 PM,Membership Change,,,,Request_CheckIDAddressPhoneDOB,,,Isa,,
3876716,5331,,,,,,,,,,1/10/2024 6:27 PM,Membership Change,,,,regular,,,bri,,
3876718,5331,,,,,,,,,,1/10/2024 6:28 PM,Check Out,,9579.0,Sewing Machine,,,,bri,,
3876718,5331,,,,,,,,,,1/10/2024 6:28 PM,Check Out,,876.0,Fabric Scissors,,,,bri,,
3876721,3050,,,,,,,,,,1/10/2024 6:31 PM,Loan Return,,8014.0,Concealed Hinge Jig,,,,bri,,
3876752,3378,,,,,10.0,10.00,10.0,,10.0,1/10/2024 6:53 PM,Membership Fee,,,,regular,,,bri,,
3876752,3378,External Credit/Debit,10.0,,,10.0,10.00,10.0,,,1/10/2024 6:53 PM,,,,,,,,,,
3876763,5332,,,,,,,,,,1/10/2024 7:04 PM,Membership Change,,,,Request_CheckIDAddressPhoneDOB,,,Rve,,
3876765,5332,,,,,5.0,5.00,5.0,,5.0,1/10/2024 7:07 PM,Membership Fee,,,,regular,,,bri,,
3876765,5332,External Credit/Debit,5.0,,,5.0,5.00,5.0,,,1/10/2024 7:07 PM,,,,,,,,,,
3876771,5332,,,,,,,,,,1/10/2024 7:13 PM,Check Out,,720.0,Cordless Drill And Impact Set,,,,bri,,
3876780,4080,,,,,2.5,2.50,2.5,2.5,2.5,1/10/2024 7:21 PM,Late Fee,,66729.0,Palm Sander,,,,bri,,
3876780,4080,Cash,2.5,,,2.5,2.50,2.5,,,1/10/2024 7:21 PM,,,,,,,,,,
3876781,3267,,,,,,,,,,1/10/2024 7:22 PM,Check Out,,8775.0,Wingspan Board Game,,,,bri,,
3876794,4385,,,,,5.0,5.00,5.0,,5.0,1/10/2024 7:52 PM,Membership Fee,,,,regular,,,bri,,
3876794,4385,External Credit/Debit,5.0,,,5.0,5.00,5.0,,,1/10/2024 7:52 PM,,,,,,,,,,
3876795,4385,,,,,,,,,,1/10/2024 7:52 PM,Check Out,,6881.0,Bar Clamp,,,,bri,,
3876795,4385,,,,,,,,,,1/10/2024 7:52 PM,Check Out,,6942.0,Bar Clamp,,,,bri,,
3876816,1343,,,,,,,,,,1/10/2024 8:28 PM,Check Out,,66709.0,Red Kickball,,,,bri,,
3876816,1343,,,,,,,,,,1/10/2024 8:28 PM,Check Out,,4668.0,Tennis Balls,,,,bri,,
3876826,5295,,,,,,,,,,1/10/2024 8:37 PM,Loan Return,,864.0,Corded Drill,,,,tur,,
3876826,5295,,,,,,,,,,1/10/2024 8:37 PM,Check Out (Renewal),,864.0,Corded Drill,,,,tur,self-renewal,Renewal
3876828,5295,,,,,,,,,,1/10/2024 8:37 PM,Loan Return,,9334.0,Level,,,,tur,,
3876828,5295,,,,,,,,,,1/10/2024 8:37 PM,Check Out (Renewal),,9334.0,Level,,,,tur,self-renewal,Renewal
3878390,5333,,,,,,,,,,1/11/2024 1:44 PM,Membership Change,,,,Request_CheckIDAddressPhoneDOB,,,Cho,,
3879040,1129,,,,,,,,,,1/11/2024 6:02 PM,Check Out,,8014.0,Concealed Hinge Jig,,,,sam,,
3879041,1129,,,,,,,,,,1/11/2024 6:02 PM,Loan Return,,8014.0,Concealed Hinge Jig,,,,sam,,
3879043,1129,,,,,,,,,,1/11/2024 6:03 PM,Check Out,,8014.0,Concealed Hinge Jig,,,,sam,,
3879051,5292,,,,,,,,,,1/11/2024 6:09 PM,Loan Return,,7377.0,Jigsaw,,,,sam,,
3879051,5292,,,,,,,,,,1/11/2024 6:09 PM,Loan Return,,8799.0,Random Orbit Palm Sander,,,,sam,,
3879072,3993,,,,,0.3,0.30,,0.1,0.1,1/11/2024 6:30 PM,Late Fee,,30011.0,Ryobi One+ Battery (4Ah),,,,sam,,
3879072,3993,,,,,0.3,0.30,,0.1,0.1,1/11/2024 6:30 PM,Late Fee,,8776.0,Drill Bit Set,,,,sam,,
3879072,3993,,,,,0.3,0.30,,0.1,0.1,1/11/2024 6:30 PM,Late Fee,,9323.0,Cordless Drill,,,,sam,,
3879072,3993,On Account,,,0.30,0.3,0.30,,,,1/11/2024 6:30 PM,,,,,,,,,,
3879081,5303,,,,,,,,,,1/11/2024 6:46 PM,Check Out,,8071.0,Adjusable Wrench,,,,sam,,
3879084,3121,,,,,,,,,,1/11/2024 6:51 PM,Check Out,,618.0,cut guide,,,,sam,,
3879084,3121,,,,,,,,,,1/11/2024 6:51 PM,Check Out,,9242.0,Measuring Tape 12ft (3.5m),,,,sam,,
3879086,5022,,,,,,,,,,1/11/2024 6:52 PM,Check Out,,9476.0,Sewing Machine,,,,sam,,
3879104,5230,,,,,,,,,,1/11/2024 7:02 PM,Loan Return,,3996.0,Level,,,,sam,,
3879104,5230,,,,,,,,,,1/11/2024 7:02 PM,Loan Return,,3759.0,Profile Sander,,,,sam,,
3879111,5334,,,,,,,,,,1/11/2024 7:13 PM,Membership Change,,,,Request_CheckIDAddressPhoneDOB,,,onw,,
3879112,5334,,,,,40.0,40.00,40.0,,,1/11/2024 7:15 PM,Membership Change,,,,regular,,,sam,,
3879112,5334,,,,,40.0,40.00,40.0,,40.0,1/11/2024 7:15 PM,Donation,,,,,,,sam,,
3879112,5334,External Credit/Debit,40.0,,,40.0,40.00,40.0,,,1/11/2024 7:15 PM,,,,,,,,,,
3879120,1402,,,,,,,,,,1/11/2024 7:29 PM,Loan Return,,7402.0,Hole Saw Kit,,,,sam,,
3879120,1402,,,,,,,,,,1/11/2024 7:29 PM,Loan Return,,7339.0,"Hole Saw, 2-7/8in",,,,sam,,
3879129,1402,,,,,,,,,,1/11/2024 7:44 PM,Check Out,,9033.0,Wood chisel,,,,sam,,
3879129,1402,,,,,,,,,,1/11/2024 7:44 PM,Check Out,,9186.0,Spade bit,,,,sam,,
3879129,1402,,,,,,,,,,1/11/2024 7:44 PM,Check Out,,9349.0,Bench and Drill Vice Clamp,,,,sam,,
3879129,1402,,,,,,,,,,1/11/2024 7:44 PM,Check Out,,7749.0,"C-clamp, Plastic",,,,sam,,
3879129,1402,,,,,,,,,,1/11/2024 7:44 PM,Check Out,,4996.0,Bit Set,,,,sam,,
3879129,1402,,,,,,,,,,1/11/2024 7:44 PM,Check Out,,7402.0,Hole Saw Kit,,,,sam,,
3879136,5335,,,,,,,,,,1/11/2024 7:52 PM,Membership Change,,,,Request_CheckIDAddressPhoneDOB,,,Kub,,
3879141,5335,,,,,,,,,,1/11/2024 7:55 PM,Membership Change,,,,regular,,,sam,,
3879161,555,,,,,,,,,,1/11/2024 8:44 PM,Membership Change,,,,regular,,,sam,,
3879161,555,,,,,,,,,,1/11/2024 8:44 PM,Check Out,,7699.0,Snow Sled,,,,sam,,
3879803,5336,,,,,,,,,,1/12/2024 8:13 AM,Membership Change,,,,Request_CheckIDAddressPhoneDOB,,,fil,,
3881642,5337,,,,,,,,,,1/12/2024 9:28 PM,Membership Change,,,,Request_CheckIDAddressPhoneDOB,,,ran,,
3882737,5338,,,,,,,,,,1/13/2024 9:12 AM,Membership Change,,,,Request_CheckIDAddressPhoneDOB,,,jon,,
3882744,5338,,,,,10.0,10.00,10.0,,10.0,1/13/2024 9:14 AM,Membership Fee,,,,regular,,,Gin,,
3882744,5338,External Credit/Debit,10.0,,,10.0,10.00,10.0,,,1/13/2024 9:14 AM,,,,,,,,,,
3882746,5338,,,,,,,,,,1/13/2024 9:15 AM,Check Out,,7020.0,Jigsaw,,,,Gin,,
3882746,5338,,,,,,,,,,1/13/2024 9:15 AM,Check Out,,878.0,Jig Saw Blade Set,,,,Gin,,
3882849,5336,,,,,,,,,,1/13/2024 9:51 AM,Membership Change,,,,regular,,,Gin,,
3882876,5339,,,,,,,,,,1/13/2024 10:03 AM,Membership Change,,,,Request_CheckIDAddressPhoneDOB,,,ben,,
3882974,5337,,,,,,,,,,1/13/2024 10:32 AM,Membership Change,,,,regular,,,Gin,,
3882974,5337,,,,,,,,,,1/13/2024 10:32 AM,Check Out,,4813.0,Goggles,,,,Gin,,
3882974,5337,,,,,,,,,,1/13/2024 10:32 AM,Check Out,,30013.0,Ryobi One+ Battery (4Ah),,,,Gin,,
3882974,5337,,,,,,,,,,1/13/2024 10:32 AM,Check Out,,30005.0,Ryobi Power Drill,,,,Gin,,
3883222,5340,,,,,,,,,,1/13/2024 11:38 AM,Membership Change,,,,Request_CheckIDAddressPhoneDOB,,,sbn,,
3883234,5341,,,,,,,,,,1/13/2024 11:41 AM,Membership Change,,,,Request_CheckIDAddressPhoneDOB,,,uw2,,
3883235,5342,,,,,,,,,,1/13/2024 11:41 AM,Membership Change,,,,Request_CheckIDAddressPhoneDOB,,,Kha,,
3883236,3121,,,,,,,,,,1/13/2024 11:41 AM,Loan Return,,618.0,cut guide,,,,Gin,,
3883246,5340,,,,,40.0,40.00,40.0,,40.0,1/13/2024 11:43 AM,Membership Fee,,,,regular,,,Gin,,
3883246,5340,External Credit/Debit,40.0,,,40.0,40.00,40.0,,,1/13/2024 11:43 AM,,,,,,,,,,
3883252,5341,,,,,,,,,,1/13/2024 11:44 AM,Membership Change,,,,regular,,,Gin,,
3883271,5342,,,,,10.0,10.00,10.0,,10.0,1/13/2024 11:47 AM,Membership Fee,,,,regular,,,Gin,,
3883271,5342,External Credit/Debit,10.0,,,10.0,10.00,10.0,,,1/13/2024 11:47 AM,,,,,,,,,,
3883287,3133,,,,,5.0,5.00,5.4,,5.0,1/13/2024 11:50 AM,Membership Fee,,,,regular,,,Gin,,
3883287,3133,,,,,5.0,5.00,5.4,,,1/13/2024 11:50 AM,Check Out,,30016.0,Finishing Sander,,,,Gin,,
3883287,3133,On Account,,,(0.40),5.0,5.00,5.4,,,1/13/2024 11:50 AM,,,,,,,,,,
3883287,3133,Cash,5.4,,,5.0,5.00,5.4,,,1/13/2024 11:50 AM,,,,,,,,,,
3883358,5342,,,,,,,,,,1/13/2024 12:06 PM,Check Out,,865.0,Utility Knife,,,,Gin,,
3883358,5342,,,,,,,,,,1/13/2024 12:06 PM,Check Out,,9008.0,Aluminum Yardstick,,,,Gin,,
3884543,5187,,,,,,,,,,1/14/2024 11:18 AM,Loan Return,,9089.0,Hammer,,,,tay,,
3884543,5187,,,,,,,,,,1/14/2024 11:18 AM,Check Out (Renewal),,9089.0,Hammer,,,,tay,self-renewal,Renewal
3884544,5187,,,,,,,,,,1/14/2024 11:18 AM,Loan Return,,8813.0,Socket Set,,,,tay,,
3884544,5187,,,,,,,,,,1/14/2024 11:18 AM,Check Out (Renewal),,8813.0,Socket Set,,,,tay,self-renewal,Renewal
3884545,5187,,,,,,,,,,1/14/2024 11:19 AM,Loan Return,,9208.0,2 ton jack stands (pair),,,,tay,,
3884545,5187,,,,,,,,,,1/14/2024 11:19 AM,Check Out (Renewal),,9208.0,2 ton jack stands (pair),,,,tay,self-renewal,Renewal
3884670,4020,,,,,,,,,,1/14/2024 12:46 PM,Check Out,,215.0,"Shop Vac, Wet Only, 8 Gal",,,,phl,,
3884842,58,,,,,,,,,,1/14/2024 2:36 PM,Loan Return,,1408.0,paper shredder,,,,phi,,
3884842,58,,,,,,,,,,1/14/2024 2:36 PM,Check Out (Renewal),,1408.0,paper shredder,,,,phi,self-renewal,Renewal
3885079,5296,,,,,0.8,0.80,,0.4,0.4,1/14/2024 4:11 PM,Late Fee,,1391.0,Belt sander,,,,msh,,
3885079,5296,,,,,0.8,0.80,,0.4,0.4,1/14/2024 4:11 PM,Late Fee,,5013.0,"Power Sander, Palm Grip",,,,msh,,
3885079,5296,On Account,,,0.80,0.8,0.80,,,,1/14/2024 4:11 PM,,,,,,,,,,
3885081,5324,,,,,,,,,,1/14/2024 4:12 PM,Loan Return,,275.0,Table,,,,msh,,
3885081,5324,,,,,,,,,,1/14/2024 4:12 PM,Loan Return,,7062.0,"Folding Chair, Metal",,,,msh,,
3885081,5324,,,,,,,,,,1/14/2024 4:12 PM,Loan Return,,170.0,"Folding Chair, Metal",,,,msh,,
3885081,5324,,,,,,,,,,1/14/2024 4:12 PM,Loan Return,,173.0,"Folding Chair, Metal",,,,msh,,
3885081,5324,,,,,,,,,,1/14/2024 4:12 PM,Loan Return,,6752.0,"Folding Chair, Metal",,,,msh,,
3885081,5324,,,,,,,,,,1/14/2024 4:12 PM,Loan Return,,6758.0,"Folding Chair, Metal",,,,msh,,
3885081,5324,,,,,,,,,,1/14/2024 4:12 PM,Loan Return,,6760.0,"Folding Chair, Metal",,,,msh,,
3885081,5324,,,,,,,,,,1/14/2024 4:12 PM,Loan Return,,6763.0,"Folding Chair, Metal",,,,msh,,
3885081,5324,,,,,,,,,,1/14/2024 4:12 PM,Loan Return,,7061.0,"Folding Chair, Metal",,,,msh,,
3885086,2814,,,,,5.6,,,5.6,5.6,1/14/2024 4:19 PM,Late Fee,,7614.0,Miter Saw,,,,msh,,
3885086,2814,Discount,,5.6,,5.6,,,,,1/14/2024 4:19 PM,,,,,,,,,,
3885089,5343,,,,,,,,,,1/14/2024 4:20 PM,Membership Change,,,,Request_CheckIDAddressPhoneDOB,,,ali,,
3885092,2490,,,,,,,,,,1/14/2024 4:23 PM,Membership Change,,,,regular,,,msh,,
3885092,2490,,,,,,,,,,1/14/2024 4:23 PM,Check Out,,8095.0,Mat Cutter,,,,msh,,
3885093,5022,,,,,,,,,,1/14/2024 4:23 PM,Loan Return,,9476.0,Sewing Machine,,,,msh,,
3885095,5322,,,,,,,,,,1/14/2024 4:26 PM,Membership Change,,,,regular,,,msh,,
3885111,5337,,,,,,,,,,1/14/2024 4:41 PM,Loan Return,,30013.0,Ryobi One+ Battery (4Ah),,,,msh,,
3885111,5337,,,,,,,,,,1/14/2024 4:41 PM,Loan Return,,30005.0,Ryobi Power Drill,,,,msh,,
3885111,5337,,,,,,,,,,1/14/2024 4:41 PM,Loan Return,,4813.0,Goggles,,,,msh,,
3885139,3765,,,,,,,,,,1/14/2024 5:12 PM,Check Out,,6773.0,Dolly,,,,msh,,
3885139,3765,,,,,,,,,,1/14/2024 5:12 PM,Check Out,,66736.0,Hardwood Dolly,,,,msh,,
3885154,5146,,,,,,,,,,1/14/2024 5:26 PM,Membership Change,,,,ExtremelyOverdueItems,,,msh,,
3885155,5146,,,,,32.0,,,6.4,6.4,1/14/2024 5:27 PM,Late Fee,,9594.0,Bicycle trailer,,,,msh,,
3885155,5146,,,,,32.0,,,6.4,6.4,1/14/2024 5:27 PM,Late Fee,,8325.0,Ratchet Strap,,,,msh,,
3885155,5146,,,,,32.0,,,6.4,6.4,1/14/2024 5:27 PM,Late Fee,,8327.0,Ratchet Strap,,,,msh,,
3885155,5146,,,,,32.0,,,6.4,6.4,1/14/2024 5:27 PM,Late Fee,,3850.0,Corner Clamp,,,,msh,,
3885155,5146,,,,,32.0,,,6.4,6.4,1/14/2024 5:27 PM,Late Fee,,3861.0,Corner Clamp,,,,msh,,
3885155,5146,Discount,,32.0,,32.0,,,,,1/14/2024 5:27 PM,,,,,,,,,,
3885164,2291,,,,,1.0,,,0.5,0.5,1/14/2024 5:38 PM,Late Fee,,744.0,24 Plates in Yellow Bucket,,,,msh,,
3885164,2291,,,,,1.0,,,0.5,0.5,1/14/2024 5:38 PM,Late Fee,,8836.0,24 Cups and Silverware Sets in Yellow Bucket,,,,msh,,
3885164,2291,Discount,,1.0,,1.0,,,,,1/14/2024 5:38 PM,,,,,,,,,,
3885182,3946,,,,,,,,,,1/14/2024 6:40 PM,Check Out,,30009.0,Ryobi One+ Battery (4Ah),,,,msh,,
3885182,3946,,,,,,,,,,1/14/2024 6:40 PM,Check Out,,30000.0,Cordless Drill,,,,msh,,
3885182,3946,,,,,,,,,,1/14/2024 6:40 PM,Check Out,,9370.0,Ryobi One+ Battery Charger,,,,msh,,
3885182,3946,,,,,,,,,,1/14/2024 6:40 PM,Check Out,,8732.0,"Screwdriver Bit Set, 42pc",,,,msh,,
3885182,3946,,,,,,,,,,1/14/2024 6:40 PM,Check Out,,6504.0,Drill Bit Set,,,,msh,,
3885183,3414,,,,,,,,,,1/14/2024 6:42 PM,Loan Return,,4119.0,Grommet Pliers,,,,msh,,
3885183,3414,,,,,,,,,,1/14/2024 6:42 PM,Loan Return,,8232.0,Grommet Pliers,,,,msh,,
3885191,3414,,,,,,,,,,1/14/2024 6:55 PM,Check Out,,7560.0,Car Battery Terminal Cleaner,,,,msh,,
3885191,3414,,,,,,,,,,1/14/2024 6:55 PM,Check Out,,7762.0,Quick Grip Clamp,,,,msh,,
3885191,3414,,,,,,,,,,1/14/2024 6:55 PM,Check Out,,8994.0,Bar Clamp,,,,msh,,
3885191,3414,,,,,,,,,,1/14/2024 6:55 PM,Check Out,,9530.0,Torque Wrench,,,,msh,,
3885193,2291,,,,,,,,,,1/14/2024 7:03 PM,Check Out,,8836.0,24 Cups and Silverware Sets in Yellow Bucket,,,,msh,,
3885193,2291,,,,,,,,,,1/14/2024 7:03 PM,Check Out,,744.0,24 Plates in Yellow Bucket,,,,msh,,
3885866,5344,,,,,,,,,,1/15/2024 8:26 AM,Membership Change,,,,Request_CheckIDAddressPhoneDOB,,,Tea,,
3886111,5345,,,,,,,,,,1/15/2024 10:59 AM,Membership Change,,,,Request_CheckIDAddressPhoneDOB,,,kso,,
3886605,5303,,,,,,,,,,1/15/2024 6:15 PM,Loan Return,,6829.0,Bike Stand,,,,phl,,
3886605,5303,,,,,,,,,,1/15/2024 6:15 PM,Loan Return,,6315.0,Chain Wrench,,,,phl,,
3886605,5303,,,,,,,,,,1/15/2024 6:15 PM,Loan Return,,287.0,Pedal Wrench,,,,phl,,
3886605,5303,,,,,,,,,,1/15/2024 6:15 PM,Loan Return,,6320.0,Socket Wrench,,,,phl,,
3886605,5303,,,,,,,,,,1/15/2024 6:15 PM,Loan Return,,7479.0,Stud Finder,,,,phl,,
3886605,5303,,,,,,,,,,1/15/2024 6:15 PM,Loan Return,,8071.0,Adjusable Wrench,,,,phl,,
3886606,3121,,,,,,,,,,1/15/2024 6:15 PM,Loan Return,,9242.0,Measuring Tape 12ft (3.5m),,,,phl,,
3886610,5332,,,,,,,,,,1/15/2024 6:29 PM,Loan Return,,720.0,Cordless Drill And Impact Set,,,,phl,,
3886621,5346,,,,,,,,,,1/15/2024 7:02 PM,Membership Change,,,,Request_CheckIDAddressPhoneDOB,,,ats,,
3886622,5346,,,,,,,,,,1/15/2024 7:03 PM,Membership Change,,,,regular,,,phl,,
3886623,5346,,,,,,,,,,1/15/2024 7:03 PM,Check Out,,9052.0,"Hand Saw, 26in",,,,phl,,
3886630,5347,,,,,,,,,,1/15/2024 7:19 PM,Membership Change,,,,Request_CheckIDAddressPhoneDOB,,,aar,,
3886634,3794,,,,,,,,,,1/15/2024 7:25 PM,Loan Return,,9580.0,Corded Drill,,,,phl,,
3886637,5347,,,,,,,,,,1/15/2024 7:50 PM,Membership Change,,,,regular,,,phl,,
3886639,5347,,,,,,,,,,1/15/2024 7:55 PM,Check Out,,4946.0,T-square,,,,phl,,
3886639,5347,,,,,,,,,,1/15/2024 7:55 PM,Check Out,,4033.0,Speed Square,,,,phl,,
3886639,5347,,,,,,,,,,1/15/2024 7:55 PM,Check Out,,9567.0,"Hatchet, With Cover",,,,phl,,
3886639,5347,,,,,,,,,,1/15/2024 7:55 PM,Check Out,,9341.0,staple gun,,,,phl,,
3886639,5347,,,,,,,,,,1/15/2024 7:55 PM,Check Out,,7082.0,Circular Saw,,,,phl,,
3886639,5347,,,,,,,,,,1/15/2024 7:55 PM,Check Out,,8757.0,Square Shovel,,,,phl,,
3886639,5347,,,,,,,,,,1/15/2024 7:55 PM,Check Out,,100.0,Heater,,,,phl,,
3886639,5347,,,,,,,,,,1/15/2024 7:55 PM,Check Out,,30003.0,Driver Bit Set (impact rated),,,,phl,,
3886639,5347,,,,,,,,,,1/15/2024 7:55 PM,Check Out,,9537.0,Wheelbarrow,,,,phl,,
3886639,5347,,,,,,,,,,1/15/2024 7:55 PM,Check Out,,4993.0,"Saw Horse, Folding",,,,phl,,
3886639,5347,,,,,,,,,,1/15/2024 7:55 PM,Check Out,,5000.0,"Saw Horse, Folding",,,,phl,,
3886640,4020,,,,,,,,,,1/15/2024 7:56 PM,Loan Return,,9064.0,Reciprocating Saw,,,,phl,,
3886682,1909,,,,,,,,,,1/15/2024 9:05 PM,Check Out,,8002.0,Pipe Clamp,,,,phl,,
3887500,5348,,,,,,,,,,1/16/2024 9:25 AM,Membership Change,,,,Request_CheckIDAddressPhoneDOB,,,eth,,
3888535,3439,,,,,20.0,20.00,20.0,,,1/16/2024 6:14 PM,Membership Change,,,,regular,,,jar,,
3888535,3439,,,,,20.0,20.00,20.0,,,1/16/2024 6:14 PM,Check Out,,4552.0,Cake Stand,,,,jar,,
3888535,3439,,,,,20.0,20.00,20.0,,20.0,1/16/2024 6:14 PM,Donation,,,,,,,jar,,
3888535,3439,Cash,20.0,,,20.0,20.00,20.0,,,1/16/2024 6:14 PM,,,,,,,,,,
3888545,3427,,,,,,,,,,1/16/2024 6:27 PM,Check Out,,6924.0,Hot Glue Gun,,,,jar,,
3888545,3427,,,,,,,,,,1/16/2024 6:27 PM,Check Out,,683.0,Pasta Maker,,,,jar,,
3888555,2291,,,,,,,,,,1/16/2024 6:40 PM,Loan Return,,744.0,24 Plates in Yellow Bucket,,,,jar,,
3888555,2291,,,,,,,,,,1/16/2024 6:40 PM,Loan Return,,8836.0,24 Cups and Silverware Sets in Yellow Bucket,,,,jar,,
3888583,5348,,,,,,,,,,1/16/2024 7:15 PM,Membership Change,,,,regular,,,jar,,
3888583,5348,,,,,,,,,,1/16/2024 7:15 PM,Check Out,,9476.0,Sewing Machine,,,,jar,,
3888602,5139,,,,,,,,,,1/16/2024 8:14 PM,Loan Return,,4063.0,Wire Tracer,,,,jjw,,
3888602,5139,,,,,,,,,,1/16/2024 8:14 PM,Check Out (Renewal),,4063.0,Wire Tracer,,,,jjw,self-renewal,Renewal
3888603,5139,,,,,,,,,,1/16/2024 8:14 PM,Loan Return,,1409.0,Fan,,,,jjw,,
3888603,5139,,,,,,,,,,1/16/2024 8:14 PM,Check Out (Renewal),,1409.0,Fan,,,,jjw,self-renewal,Renewal
3888604,5139,,,,,,,,,,1/16/2024 8:14 PM,Loan Return,,9210.0,Tower Fan,,,,jjw,,
3888604,5139,,,,,,,,,,1/16/2024 8:14 PM,Check Out (Renewal),,9210.0,Tower Fan,,,,jjw,self-renewal,Renewal
3888605,5139,,,,,,,,,,1/16/2024 8:14 PM,Loan Return,,5139.0,Fan,,,,jjw,,
3888605,5139,,,,,,,,,,1/16/2024 8:14 PM,Check Out (Renewal),,5139.0,Fan,,,,jjw,self-renewal,Renewal
3888606,5306,,,,,,,,,,1/16/2024 8:22 PM,Membership Change,,,,regular,,,jar,,
3888606,5306,,,,,,,,,,1/16/2024 8:22 PM,Check Out,,9374.0,rafter angle square,,,,jar,,
3888606,5306,,,,,,,,,,1/16/2024 8:22 PM,Check Out,,7912.0,Contour Gauge Duplicator,,,,jar,,
3888606,5306,,,,,,,,,,1/16/2024 8:22 PM,Check Out,,6626.0,T-Bevel,,,,jar,,
3888611,5007,,,,,,,0.8,,,1/16/2024 8:32 PM,Loan Return,,6679.0,Sharpening Stone,,,,jar,,
3888611,5007,,,,,,,0.8,,,1/16/2024 8:32 PM,Loan Return,,7817.0,"Shop Vac, Wet/Dry, 10 Gal",,,,jar,,
3888611,5007,On Account,,,(0.80),,,0.8,,,1/16/2024 8:32 PM,,,,,,,,,,
3888611,5007,Cash,0.8,,,,,0.8,,,1/16/2024 8:32 PM,,,,,,,,,,
3888612,5349,,,,,,,,,,1/16/2024 8:34 PM,Membership Change,,,,Request_CheckIDAddressPhoneDOB,,,gui,,
3888614,5294,,,,,1.8,1.80,1.8,0.6,0.6,1/16/2024 8:38 PM,Late Fee,,1311.0,drill bits set,,,,jar,,
3888614,5294,,,,,1.8,1.80,1.8,0.6,0.6,1/16/2024 8:38 PM,Late Fee,,136.0,Pliers,,,,jar,,
3888614,5294,,,,,1.8,1.80,1.8,0.6,0.6,1/16/2024 8:38 PM,Late Fee,,9259.0,"Corded Drill, 3/8in",,,,jar,,
3888614,5294,External Credit/Debit,1.8,,,1.8,1.80,1.8,,,1/16/2024 8:38 PM,,,,,,,,,,
3888615,5350,,,,,,,,,,1/16/2024 8:40 PM,Membership Change,,,,Request_CheckIDAddressPhoneDOB,,,ast,,
3888618,5350,,,,,,,,,,1/16/2024 8:42 PM,Membership Change,,,,regular,,,jar,,
3888618,5350,,,,,,,,,,1/16/2024 8:42 PM,Check Out,,4100.0,Grout Float,,,,jar,,
3888618,5350,,,,,,,,,,1/16/2024 8:42 PM,Check Out,,6415.0,Grout Scraper,,,,jar,,
3888618,5350,,,,,,,,,,1/16/2024 8:42 PM,Check Out,,8338.0,"Trowel, Plastic",,,,jar,,
3888618,5350,,,,,,,,,,1/16/2024 8:42 PM,Check Out,,7568.0,Clay Knife,,,,jar,,
3888629,4281,,,,,,,0.9,,,1/16/2024 9:00 PM,Membership Change,,,,regular,,,jar,,
3888629,4281,,,,,,,0.9,,,1/16/2024 9:00 PM,Check Out,,8358.0,Dehumidifier,,,,jar,Also checking out HVLP air pump?? no number,
3888629,4281,,,,,,,0.9,,,1/16/2024 9:00 PM,Check Out,,9173.0,Car Battery Charger,,,,jar,,
3888629,4281,,,,,,,0.9,,,1/16/2024 9:00 PM,Check Out,,496.0,Extension Cord,,,,jar,,
3888629,4281,,,,,,,0.9,,,1/16/2024 9:00 PM,Check Out,,7908.0,Extension Cord,,,,jar,,
3888629,4281,On Account,,,(0.90),,,0.9,,,1/16/2024 9:00 PM,,,,,,,,,,
3888629,4281,Cash,0.9,,,,,0.9,,,1/16/2024 9:00 PM,,,,,,,,,,
3889482,5351,,,,,,,,,,1/17/2024 8:43 AM,Membership Change,,,,Request_CheckIDAddressPhoneDOB,,,msh,,
3889502,5352,,,,,,,,,,1/17/2024 8:48 AM,Membership Change,,,,Request_CheckIDAddressPhoneDOB,,,tes,,
3890743,5353,,,,,,,,,,1/17/2024 6:19 PM,Membership Change,,,,Request_CheckIDAddressPhoneDOB,,,jpb,,
3890833,5354,,,,,,,,,,1/17/2024 7:54 PM,Membership Change,,,,Request_CheckIDAddressPhoneDOB,,,cer,,
3890854,5355,,,,,,,,,,1/17/2024 8:32 PM,Membership Change,,,,Request_CheckIDAddressPhoneDOB,,,xju,,
3892121,3571,,,,,,,,,,1/18/2024 9:52 AM,Loan Return,,9555.0,Hole Saw Kit,,,,Mhu,,
3892121,3571,,,,,,,,,,1/18/2024 9:52 AM,Check Out (Renewal),,9555.0,Hole Saw Kit,,,,Mhu,"1"" hole saw and 2-9/16"" hole saw with obscured number",Renewal
3892139,5274,,,,,,,,,,1/18/2024 9:57 AM,Loan Return,,6788.0,Tamper,,,,lke,,
3892139,5274,,,,,,,,,,1/18/2024 9:57 AM,Check Out (Renewal),,6788.0,Tamper,,,,lke,self-renewal,Renewal
3892140,5274,,,,,,,,,,1/18/2024 9:57 AM,Loan Return,,9550.0,Spade,,,,lke,,
3892140,5274,,,,,,,,,,1/18/2024 9:57 AM,Check Out (Renewal),,9550.0,Spade,,,,lke,self-renewal,Renewal
3892141,5274,,,,,,,,,,1/18/2024 9:57 AM,Loan Return,,8758.0,Rake,,,,lke,,
3892141,5274,,,,,,,,,,1/18/2024 9:57 AM,Check Out (Renewal),,8758.0,Rake,,,,lke,self-renewal,Renewal
3892142,5274,,,,,,,,,,1/18/2024 9:57 AM,Loan Return,,4136.0,Pipe Wrench,,,,lke,,
3892142,5274,,,,,,,,,,1/18/2024 9:57 AM,Check Out (Renewal),,4136.0,Pipe Wrench,,,,lke,self-renewal,Renewal
3892143,5274,,,,,,,,,,1/18/2024 9:57 AM,Loan Return,,9429.0,Rake,,,,lke,,
3892143,5274,,,,,,,,,,1/18/2024 9:57 AM,Check Out (Renewal),,9429.0,Rake,,,,lke,self-renewal,Renewal
3892300,4327,,,,,,,,,,1/18/2024 10:51 AM,Loan Return,,900.0,"30"" Bar Clamp",,,,hoi,,
3892300,4327,,,,,,,,,,1/18/2024 10:51 AM,Check Out (Renewal),,900.0,"30"" Bar Clamp",,,,hoi,self-renewal,Renewal
3892302,4327,,,,,,,,,,1/18/2024 10:51 AM,Loan Return,,6466.0,Bar Clamp,,,,hoi,,
3892302,4327,,,,,,,,,,1/18/2024 10:51 AM,Check Out (Renewal),,6466.0,Bar Clamp,,,,hoi,self-renewal,Renewal
3892874,1129,,,,,,,,,,1/18/2024 2:37 PM,Loan Return,,8014.0,Concealed Hinge Jig,,,,Sel,,
3892874,1129,,,,,,,,,,1/18/2024 2:37 PM,Check Out (Renewal),,8014.0,Concealed Hinge Jig,,,,Sel,self-renewal,Renewal
3892900,5356,,,,,,,,,,1/18/2024 2:48 PM,Membership Change,,,,Request_CheckIDAddressPhoneDOB,,,old,,
3893400,2280,,,,,,,,,,1/18/2024 6:06 PM,Loan Return,,856.0,Extension Cord,,,,Rob,,
3893400,2280,,,,,,,,,,1/18/2024 6:06 PM,Loan Return,,3958.0,"Corded Drill, 1/4in",,,,Rob,,
3893412,1802,,,,,,,,,,1/18/2024 6:17 PM,Check Out,,720.0,Cordless Drill And Impact Set,,,,Rob,,
3893412,1802,,,,,,,,,,1/18/2024 6:17 PM,Check Out,,9529.0,"Work Light, Small, Hanging",,,,Rob,,
3893422,5354,,,,,,,,,,1/18/2024 6:23 PM,Membership Change,,,,regular,,,Rob,,
3893422,5354,,,,,,,,,,1/18/2024 6:23 PM,Check Out,,8412.0,"Torx Screwdriver, Narrow",,,,Rob,,
3893422,5354,,,,,,,,,,1/18/2024 6:23 PM,Check Out,,9102.0,Screwdriver,,,,Rob,,
3893439,4372,,,,,,,,,,1/18/2024 6:34 PM,Check Out,,6131.0,Slip Joint Pliers,,,,Rob,,
3893439,4372,,,,,,,,,,1/18/2024 6:34 PM,Check Out,,8069.0,Adjustable Wrench,,,,Rob,,
3893446,5355,,,,,,,,,,1/18/2024 6:46 PM,Membership Change,,,,regular,,,jpb,,
3893446,5355,,,,,,,,,,1/18/2024 6:46 PM,Check Out,,7676.0,Socket Wrench,,,,jpb,,
3893451,5355,,,,,,,,,,1/18/2024 6:50 PM,Check Out,,6746.0,Goggles,,,,msh,,
3893456,5221,,,,,,,,,,1/18/2024 6:51 PM,Loan Return,,3744.0,Circular Saw,,,,old,,
3893460,5221,,,,,,,,,,1/18/2024 6:54 PM,Check Out,,4888.0,Putty Knife,,,,old,,
3893460,5221,,,,,,,,,,1/18/2024 6:54 PM,Check Out,,8025.0,Scraper,,,,old,,
3893460,5221,,,,,,,,,,1/18/2024 6:54 PM,Check Out,,9087.0,Scraper,,,,old,,
3893463,5172,,,,,,,,,,1/18/2024 6:56 PM,Check Out,,851.0,Screwdriver,,,,msh,,
3893463,5172,,,,,,,,,,1/18/2024 6:56 PM,Check Out,,7662.0,"Wrench, Adjustable, Small",,,,msh,,
3893463,5172,,,,,,,,,,1/18/2024 6:56 PM,Check Out,,7450.0,Adjusable Wrench,,,,msh,,
3893463,5172,,,,,,,,,,1/18/2024 6:56 PM,Check Out,,8272.0,Coping Saw,,,,msh,,
3893465,393,,,,,10.8,(5.40),,10.0,10.0,1/18/2024 6:57 PM,Late Fee,,9063.0,"Power Sander, Palm Grip",,,,old,,
3893465,393,,,,,10.8,(5.40),,0.5,0.5,1/18/2024 6:57 PM,Late Fee,,35.0,Power Sander,,,,old,,
3893465,393,,,,,10.8,(5.40),,0.2,0.2,1/18/2024 6:57 PM,Late Fee,,2084.0,Scrolling cut saw,,,,old,,
3893465,393,,,,,10.8,(5.40),,0.1,0.1,1/18/2024 6:57 PM,Late Fee,,365.0,T-square,,,,old,,
3893465,393,,,,,10.8,(5.40),,,,1/18/2024 6:57 PM,Check Out (Renewal),,35.0,Power Sander,,,,old,,Renewal
3893465,393,,,,,10.8,(5.40),,,,1/18/2024 6:57 PM,Check Out (Renewal),,9063.0,"Power Sander, Palm Grip",,,,old,,Renewal
3893465,393,,,,,10.8,(5.40),,,,1/18/2024 6:57 PM,Check Out (Renewal),,2084.0,Scrolling cut saw,,,,old,,Renewal
3893465,393,,,,,10.8,(5.40),,,,1/18/2024 6:57 PM,Check Out (Renewal),,365.0,T-square,,,,old,,Renewal
3893465,393,On Account,,,(5.40),10.8,(5.40),,,,1/18/2024 6:57 PM,,,,,,,,,,
3893465,393,Discount,,16.2,,10.8,(5.40),,,,1/18/2024 6:57 PM,,,,,,,,,,
3893468,5311,,,,,,,,,,1/18/2024 6:58 PM,Loan Return,,6508.0,Wood Burner,,,,msh,,
3893471,5293,,,,,0.8,,,0.8,0.8,1/18/2024 6:59 PM,Late Fee,,7186.0,Oscillating Multitool,,,,old,,
3893471,5293,,,,,0.8,,,,,1/18/2024 6:59 PM,Check Out (Renewal),,7186.0,Oscillating Multitool,,,,old,,Renewal
3893471,5293,Discount,,0.8,,0.8,,,,,1/18/2024 6:59 PM,,,,,,,,,,
3893473,5295,,,,,0.6,0.60,,0.3,0.3,1/18/2024 6:59 PM,Late Fee,,864.0,Corded Drill,,,,msh,,
3893473,5295,,,,,0.6,0.60,,0.3,0.3,1/18/2024 6:59 PM,Late Fee,,9334.0,Level,,,,msh,,
3893473,5295,On Account,,,0.60,0.6,0.60,,,,1/18/2024 6:59 PM,,,,,,,,,,
3893492,5357,,,,,,,,,,1/18/2024 7:21 PM,Membership Change,,,,Request_CheckIDAddressPhoneDOB,,,Shi,,
3893497,240,,,,,,,,,,1/18/2024 7:27 PM,Loan Return,,5500.0,Hand Saw,,,,Rob,,
3893635,5221,,,,,,,,,,1/18/2024 11:16 PM,Loan Return,,8963.0,Random Orbit Sander,,,,syl,,
3893635,5221,,,,,,,,,,1/18/2024 11:16 PM,Check Out (Renewal),,8963.0,Random Orbit Sander,,,,syl,self-renewal,Renewal
3894274,5358,,,,,,,,,,1/19/2024 8:25 AM,Membership Change,,,,Request_CheckIDAddressPhoneDOB,,,jac,,
3897436,5359,,,,,,,,,,1/20/2024 9:39 AM,Membership Change,,,,Request_CheckIDAddressPhoneDOB,,,Sil,,
3897631,5360,,,,,,,,,,1/20/2024 10:27 AM,Membership Change,,,,Request_CheckIDAddressPhoneDOB,,,rya,,
3897763,5276,,,,,,,,,,1/20/2024 10:56 AM,Loan Return,,5801.0,Level,,,,Gin,,
3897763,5276,,,,,,,,,,1/20/2024 10:56 AM,Loan Return,,3938.0,Hand Rasp,,,,Gin,,
3897763,5276,,,,,,,,,,1/20/2024 10:56 AM,Loan Return,,4930.0,Rasp,,,,Gin,,
3897763,5276,,,,,,,,,,1/20/2024 10:56 AM,Loan Return,,5328.0,Superior Tool 03845 Sinkdrain Wrench,,,,Gin,,
3897781,5359,,,,,,,,,,1/20/2024 11:02 AM,Membership Change,,,,regular,,,Gin,,
3897781,5359,,,,,,,,,,1/20/2024 11:02 AM,Check Out,,7377.0,Jigsaw,,,,Gin,,
3897781,5359,,,,,,,,,,1/20/2024 11:02 AM,Check Out,,9491.0,"Saw Horse Pair, Folding",,,,Gin,,
3897806,892,,,,,,,,,,1/20/2024 11:07 AM,Membership Change,,,,regular,,,Gin,,
3897806,892,,,,,,,,,,1/20/2024 11:07 AM,Loan Return,,8381.0,Auger,,,,Gin,,
3897892,5309,,,,,,,,,,1/20/2024 11:28 AM,Loan Return,,7462.0,Dehumidifier,,,,Gin,,
3897917,1950,,,,,2.8,2.80,2.8,2.8,2.8,1/20/2024 11:33 AM,Late Fee,,9361.0,Hand Truck,,,,Gin,,
3897917,1950,Cash,2.8,,,2.8,2.80,2.8,,,1/20/2024 11:33 AM,,,,,,,,,,
3898061,5055,,,,,,,,,,1/20/2024 11:56 AM,Check Out,,8187.0,Socket Wrench,,,,Gin,,
3898061,5055,,,,,,,,,,1/20/2024 11:56 AM,Check Out,,9066.0,"Socket Wrench, 3/8in, with sockets from 7-19mm",,,,Gin,,
3898104,5361,,,,,,,,,,1/20/2024 12:05 PM,Membership Change,,,,Request_CheckIDAddressPhoneDOB,,,sel,,
3898111,5361,,,,,,,,,,1/20/2024 12:07 PM,Membership Change,,,,regular,,,Gin,,
3898125,5361,,,,,,,,,,1/20/2024 12:11 PM,Check Out,,5545.0,Hoe,,,,Gin,,
3898125,5361,,,,,,,,,,1/20/2024 12:11 PM,Check Out,,8840.0,"Round Shovel, Small",,,,Gin,,
3898133,1291,On Account,,,(5.60),,(5.60),,,,1/20/2024 12:13 PM,,,,,,,,,,
3898133,1291,Discount,,5.6,,,(5.60),,,,1/20/2024 12:13 PM,,,,,,,,,,
3898138,3329,,,,,4.6,4.60,,4.6,4.6,1/20/2024 12:14 PM,Late Fee,,301.0,Cassette Lock Ring Tool,,,,Gin,,
3898138,3329,On Account,,,4.60,4.6,4.60,,,,1/20/2024 12:14 PM,,,,,,,,,,
3898158,5362,,,,,,,,,,1/20/2024 12:21 PM,Membership Change,,,,Request_CheckIDAddressPhoneDOB,,,tbo,,
3898163,5362,,,,,,,,,,1/20/2024 12:23 PM,Membership Change,,,,regular,,,Gin,,
3898250,5363,,,,,,,,,,1/20/2024 12:54 PM,Membership Change,,,,Request_CheckIDAddressPhoneDOB,,,Dra,,
3898258,5363,,,,,20.0,20.00,20.0,,20.0,1/20/2024 12:56 PM,Membership Fee,,,,regular,,,Gin,,
3898258,5363,,,,,20.0,20.00,20.0,,,1/20/2024 12:56 PM,Check Out,,7479.0,Stud Finder,,,,Gin,,
3898258,5363,,,,,20.0,20.00,20.0,,,1/20/2024 12:56 PM,Check Out,,5783.0,Basin Wrench,,,,Gin,,
3898258,5363,,,,,20.0,20.00,20.0,,,1/20/2024 12:56 PM,Check Out,,864.0,Corded Drill,,,,Gin,,
3898258,5363,,,,,20.0,20.00,20.0,,,1/20/2024 12:56 PM,Check Out,,9551.0,Combination Wrench set,,,,Gin,,
3898258,5363,External Credit/Debit,20.0,,,20.0,20.00,20.0,,,1/20/2024 12:56 PM,,,,,,,,,,
3898281,5364,,,,,,,,,,1/20/2024 1:05 PM,Membership Change,,,,regular,,,Gin,,
3898284,5363,,,,,,,,,,1/20/2024 1:07 PM,Loan Return,,5783.0,Basin Wrench,,,,Gin,,
3898284,5363,,,,,,,,,,1/20/2024 1:07 PM,Loan Return,,9551.0,Combination Wrench set,,,,Gin,,
3898459,5365,,,,,,,,,,1/20/2024 3:07 PM,Membership Change,,,,Request_CheckIDAddressPhoneDOB,,,nrs,,
3898649,3267,,,,,,,,,,1/20/2024 4:46 PM,Loan Return,,8775.0,Wingspan Board Game,,,,Nat,,
3899165,5366,,,,,,,,,,1/21/2024 10:17 AM,Membership Change,,,,Request_CheckIDAddressPhoneDOB,,,eka,,
3899503,3469,,,,,,,,,,1/21/2024 1:34 PM,Loan Return,,5227.0,Square,,,,jtw,,
3899503,3469,,,,,,,,,,1/21/2024 1:34 PM,Check Out (Renewal),,5227.0,Square,,,,jtw,self-renewal,Renewal
3899779,3774,,,,,,,,,,1/21/2024 4:01 PM,Loan Return,,4324.0,Cordless Drill,,,,msh,,
3899779,3774,,,,,,,,,,1/21/2024 4:01 PM,Check Out (Renewal),,4324.0,Cordless Drill,,,,msh,,Renewal
3899789,5366,,,,,20.0,20.00,20.0,,20.0,1/21/2024 4:04 PM,Membership Fee,,,,regular,,,msh,,
3899789,5366,External Credit/Debit,20.0,,,20.0,20.00,20.0,,,1/21/2024 4:04 PM,,,,,,,,,,
3899902,4972,,,,,20.0,20.00,20.0,,,1/21/2024 4:21 PM,Membership Change,,,,regular,,,msh,,
3899902,4972,,,,,20.0,20.00,20.0,,,1/21/2024 4:21 PM,Check Out,,6498.0,Router And Router Table,,,,msh,,
3899902,4972,,,,,20.0,20.00,20.0,,20.0,1/21/2024 4:21 PM,Donation,,,,,,,msh,,
3899902,4972,External Credit/Debit,20.0,,,20.0,20.00,20.0,,,1/21/2024 4:21 PM,,,,,,,,,,
3899903,5367,,,,,,,,,,1/21/2024 4:21 PM,Membership Change,,,,Request_CheckIDAddressPhoneDOB,,,jew,,
3899906,2816,,,,,,,,,,1/21/2024 4:24 PM,Membership Change,,,,regular,,,msh,,
3899906,2816,,,,,,,,,,1/21/2024 4:24 PM,Check Out,,4764.0,Lopper,,,,msh,,
3899907,5367,,,,,2.0,2.00,2.0,,,1/21/2024 4:24 PM,Membership Change,,,,regular,,,msh,,
3899907,5367,,,,,2.0,2.00,2.0,,,1/21/2024 4:24 PM,Check Out,,9568.0,Pneumatic Nailer,,,,msh,,
3899907,5367,,,,,2.0,2.00,2.0,,2.0,1/21/2024 4:24 PM,Donation,,,,,,,msh,,
3899907,5367,External Credit/Debit,2.0,,,2.0,2.00,2.0,,,1/21/2024 4:24 PM,,,,,,,,,,
3899915,3439,,,,,,,,,,1/21/2024 4:29 PM,Loan Return,,4552.0,Cake Stand,,,,msh,,
3899917,5055,,,,,,,,,,1/21/2024 4:34 PM,Check Out,,9209.0,Torque Wrench (150 ft lbs),,,,msh,,
3899932,2503,,,,,,,,,,1/21/2024 4:46 PM,Membership Change,,,,regular,,,msh,,
3899932,2503,,,,,,,,,,1/21/2024 4:46 PM,Check Out,,30013.0,Ryobi One+ Battery (4Ah),,,,msh,,
3899932,2503,,,,,,,,,,1/21/2024 4:46 PM,Check Out,,9323.0,Cordless Drill,,,,msh,,
3899947,2359,,,,,,,,,,1/21/2024 4:55 PM,Check Out,,8381.0,Auger,,,,msh,,
3899954,5368,,,,,,,,,,1/21/2024 5:05 PM,Membership Change,,,,Request_CheckIDAddressPhoneDOB,,,chi,,
3899955,5368,,,,,,,,,,1/21/2024 5:07 PM,Membership Change,,,,regular,,,msh,,
3899976,1627,,,,,,,,,,1/21/2024 5:28 PM,Loan Return,,6859.0,Angle Grinder,,,,msh,,
3899976,1627,,,,,,,,,,1/21/2024 5:28 PM,Loan Return,,4041.0,Mud Pan,,,,msh,,
3899976,1627,,,,,,,,,,1/21/2024 5:28 PM,Loan Return,,3831.0,Grout Float,,,,msh,,
3899976,1627,,,,,,,,,,1/21/2024 5:28 PM,Loan Return,,5414.0,Tile Cutter,,,,msh,,
3899976,1627,,,,,,,,,,1/21/2024 5:28 PM,Loan Return,,5327.0,Notched Trowel,,,,msh,,
3899976,1627,On Account,,,,,,,,,1/21/2024 5:28 PM,,,,,,,,,,
3899981,4656,,,,,1.0,1.00,1.0,0.5,0.5,1/21/2024 5:32 PM,Late Fee,,8955.0,Bucket,,,,msh,,
3899981,4656,,,,,1.0,1.00,1.0,0.5,0.5,1/21/2024 5:32 PM,Late Fee,,7432.0,Grabber,,,,msh,,
3899981,4656,Cash,1.0,,,1.0,1.00,1.0,,,1/21/2024 5:32 PM,,,,,,,,,,
3899988,5331,,,,,,,,,,1/21/2024 5:37 PM,Loan Return,,876.0,Fabric Scissors,,,,msh,,
3899988,5331,,,,,,,,,,1/21/2024 5:37 PM,Loan Return,,9579.0,Sewing Machine,,,,msh,,
3899997,5285,,,,,,,,,,1/21/2024 5:42 PM,Loan Return,,4336.0,Pipe Wrench,,,,msh,,
3899997,5285,,,,,,,,,,1/21/2024 5:42 PM,Loan Return,,7476.0,Channel Lock Pliers,,,,msh,,
3900011,5350,,,,,,,,,,1/21/2024 5:57 PM,Loan Return,,4100.0,Grout Float,,,,msh,,
3900011,5350,,,,,,,,,,1/21/2024 5:57 PM,Loan Return,,7568.0,Clay Knife,,,,msh,,
3900011,5350,,,,,,,,,,1/21/2024 5:57 PM,Loan Return,,6415.0,Grout Scraper,,,,msh,,
3900011,5350,,,,,,,,,,1/21/2024 5:57 PM,Loan Return,,8338.0,"Trowel, Plastic",,,,msh,,
3900014,2816,,,,,,,,,,1/21/2024 6:01 PM,Loan Return,,4764.0,Lopper,,,,msh,,
3900022,4001,,,,,0.2,0.20,,0.1,0.1,1/21/2024 6:59 PM,Late Fee,,625.0,Claw Hammer,,,,msh,,
3900022,4001,,,,,0.2,0.20,,0.1,0.1,1/21/2024 6:59 PM,Late Fee,,5531.0,"Crow Bar, Pointed End",,,,msh,,
3900022,4001,,,,,0.2,0.20,,,,1/21/2024 6:59 PM,Check Out (Renewal),,5531.0,"Crow Bar, Pointed End",,,,msh,,Renewal
3900022,4001,,,,,0.2,0.20,,,,1/21/2024 6:59 PM,Check Out (Renewal),,625.0,Claw Hammer,,,,msh,,Renewal
3900022,4001,On Account,,,0.20,0.2,0.20,,,,1/21/2024 6:59 PM,,,,,,,,,,
3901266,4385,,,,,,,,,,1/22/2024 12:34 PM,Loan Return,,6881.0,Bar Clamp,,,,sam,,
3901266,4385,,,,,,,,,,1/22/2024 12:34 PM,Check Out (Renewal),,6881.0,Bar Clamp,,,,sam,self-renewal,Renewal
3901267,4385,,,,,,,,,,1/22/2024 12:34 PM,Loan Return,,6942.0,Bar Clamp,,,,sam,,
3901267,4385,,,,,,,,,,1/22/2024 12:34 PM,Check Out (Renewal),,6942.0,Bar Clamp,,,,sam,self-renewal,Renewal
3901745,5369,,,,,,,,,,1/22/2024 5:42 PM,Membership Change,,,,Request_CheckIDAddressPhoneDOB,,,AnD,,
3901760,5323,,,,,,,,,,1/22/2024 6:03 PM,Loan Return,,9316.0,Allen Key Set,,,,msh,,
3901760,5323,,,,,,,,,,1/22/2024 6:03 PM,Loan Return,,832.0,Cordless Drill Set,,,,msh,,
3901760,5323,,,,,,,,,,1/22/2024 6:03 PM,Loan Return,,69.0,Bit Set,,,,msh,,
3901760,5323,,,,,,,,,,1/22/2024 6:03 PM,Loan Return,,9302.0,Kobalt Plastic Handle screwdriver,,,,msh,,
3901766,5370,,,,,10.0,10.00,10.0,,10.0,1/22/2024 6:14 PM,Membership Fee,,,,regular,,,msh,,
3901766,5370,External Credit/Debit,10.0,,,10.0,10.00,10.0,,,1/22/2024 6:14 PM,,,,,,,,,,
3901770,5370,,,,,,,,,,1/22/2024 6:17 PM,Check Out,,8110.0,File,,,,msh,,
3901770,5370,,,,,,,,,,1/22/2024 6:17 PM,Check Out,,6394.0,Chisel,,,,msh,,
3901776,5328,,,,,,,,,,1/22/2024 6:20 PM,Loan Return,,9364.0,DeWalt 18v Battery,,,,msh,,
3901776,5328,,,,,,,,,,1/22/2024 6:20 PM,Loan Return,,66763.0,Cordless Drill,,,,msh,,
3901776,5328,,,,,,,,,,1/22/2024 6:20 PM,Loan Return,,7134.0,Square,,,,msh,,
3901776,5328,,,,,,,,,,1/22/2024 6:20 PM,Loan Return,,6844.0,Stud Finder,,,,msh,,
3901782,5147,,,,,,,,,,1/22/2024 6:27 PM,Check Out,,8817.0,AX,,,,msh,,
3901782,5147,,,,,,,,,,1/22/2024 6:27 PM,Check Out,,8396.0,Ladder,,,,msh,,
3901782,5147,,,,,,,,,,1/22/2024 6:27 PM,Check Out,,8008.0,Goggles,,,,msh,,
3901788,5003,,,,,,,,,,1/22/2024 6:33 PM,Loan Return,,282.0,Profile Sander,,,,msh,,
3901788,5003,,,,,,,,,,1/22/2024 6:33 PM,Loan Return,,5048.0,Profile Sander,,,,msh,,
3901789,5172,,,,,,,,,,1/22/2024 6:34 PM,Loan Return,,7450.0,Adjusable Wrench,,,,msh,,
3901789,5172,,,,,,,,,,1/22/2024 6:34 PM,Loan Return,,7662.0,"Wrench, Adjustable, Small",,,,msh,,
3901789,5172,,,,,,,,,,1/22/2024 6:34 PM,Loan Return,,8272.0,Coping Saw,,,,msh,,
3901789,5172,,,,,,,,,,1/22/2024 6:34 PM,Loan Return,,851.0,Screwdriver,,,,msh,,
3901798,4972,,,,,,,,,,1/22/2024 6:43 PM,Loan Return,,6498.0,Router And Router Table,,,,msh,,
3901809,5371,,,,,,,,,,1/22/2024 6:49 PM,Membership Change,,,,Request_CheckIDAddressPhoneDOB,,,kyl,,
3901823,4969,,,,,,,,,,1/22/2024 7:07 PM,Check Out,,66760.0,DeWalt 18v Battery,,,,msh,,
3901823,4969,,,,,,,,,,1/22/2024 7:07 PM,Check Out,,66763.0,Cordless Drill,,,,msh,,
3901824,2291,,,,,,,,,,1/22/2024 7:08 PM,Check Out,,4960.0,Multimeter,,,,msh,,
3901827,5299,,,,,,,,,,1/22/2024 7:10 PM,Loan Return,,6168.0,Concrete Mixer,,,,msh,,
3901831,3765,,,,,1.4,1.40,,0.7,0.7,1/22/2024 7:17 PM,Late Fee,,6773.0,Dolly,,,,msh,,
3901831,3765,,,,,1.4,1.40,,0.7,0.7,1/22/2024 7:17 PM,Late Fee,,66736.0,Hardwood Dolly,,,,msh,,
3901831,3765,On Account,,,1.40,1.4,1.40,,,,1/22/2024 7:17 PM,,,,,,,,,,
3901844,5372,,,,,,,,,,1/22/2024 7:36 PM,Membership Change,,,,regular,,,msh,,
3901864,555,,,,,,,,,,1/22/2024 8:07 PM,Loan Return,,7699.0,Snow Sled,,,,msh,,
3901865,4969,,,,,,,,,,1/22/2024 8:10 PM,Loan Return,,66760.0,DeWalt 18v Battery,,,,msh,,
3901865,4969,,,,,,,,,,1/22/2024 8:10 PM,Loan Return,,66763.0,Cordless Drill,,,,msh,,
3901877,51,,,,,0.2,,,0.2,0.2,1/22/2024 8:12 PM,Late Fee,,9352.0,Sewing Machine,,,,msh,,
3901877,51,,,,,0.2,,,,,1/22/2024 8:12 PM,Check Out,,9340.0,food dehydrator,,,,msh,,
3901877,51,Discount,,0.2,,0.2,,,,,1/22/2024 8:12 PM,,,,,,,,,,
3901890,1032,,,,,,,,,,1/22/2024 8:30 PM,Loan Return,,8947.0,Hand Truck,,,,msh,,
3901890,1032,,,,,,,,,,1/22/2024 8:30 PM,Loan Return,,8321.0,Shoulder Dolly,,,,msh,,
3903941,5373,,,,,,,,,,1/23/2024 5:33 PM,Membership Change,,,,Request_CheckIDAddressPhoneDOB,,,ktu,,
3903999,5373,,,,,,,,,,1/23/2024 6:09 PM,Membership Change,,,,regular,,,jar,,
3904003,5009,,,,,,,,,,1/23/2024 6:10 PM,Check Out,,6969.0,Rubber Mallet,,,,jar,,
3904003,5009,,,,,,,,,,1/23/2024 6:10 PM,Check Out,,4336.0,Pipe Wrench,,,,jar,,
3904019,1909,,,,,,,,,,1/23/2024 6:21 PM,Loan Return,,8002.0,Pipe Clamp,,,,jar,,
3904022,1909,,,,,100.0,100.00,100.0,,100.0,1/23/2024 6:25 PM,Donation,,,,,,,jar,,
3904022,1909,External Credit/Debit,100.0,,,100.0,100.00,100.0,,,1/23/2024 6:25 PM,,,,,,,,,,
3904034,5374,,,,,,,,,,1/23/2024 6:33 PM,Membership Change,,,,Request_CheckIDAddressPhoneDOB,,,ror,,
3904036,1909,,,,,,,,,,1/23/2024 6:34 PM,Check Out,,66743.0,3 C-Clamp,,,,jar,,
3904036,1909,,,,,,,,,,1/23/2024 6:34 PM,Check Out,,455.0,C-clamp,,,,jar,,
3904036,1909,,,,,,,,,,1/23/2024 6:34 PM,Check Out,,8002.0,Pipe Clamp,,,,jar,,
3904036,1909,,,,,,,,,,1/23/2024 6:34 PM,Check Out,,899.0,Bar Clamp,,,,jar,,
3904036,1909,,,,,,,,,,1/23/2024 6:34 PM,Check Out,,5261.0,Bar Clamp,,,,jar,,
3904039,5374,,,,,,,,,,1/23/2024 6:38 PM,Membership Change,,,,regular,,,jar,,
3904047,5355,,,,,,,,,,1/23/2024 6:44 PM,Loan Return,,7676.0,Socket Wrench,,,,jar,,
3904047,5355,,,,,,,,,,1/23/2024 6:44 PM,Loan Return,,6746.0,Goggles,,,,jar,,
3904063,393,,,,,24.3,24.30,,10.5,10.5,1/23/2024 7:03 PM,Late Fee,,9462.0,Sponges,,,,jar,,
3904063,393,,,,,24.3,24.30,,10.5,10.5,1/23/2024 7:03 PM,Late Fee,,8822.0,Mint stamp maker,,,,jar,,
3904063,393,,,,,24.3,24.30,,1.3,1.3,1/23/2024 7:03 PM,Late Fee,,66725.0,Extension Cord,,,,jar,,
3904063,393,,,,,24.3,24.30,,1.0,1.0,1/23/2024 7:03 PM,Late Fee,,8437.0,Utility Knife,,,,jar,,
3904063,393,,,,,24.3,24.30,,1.0,1.0,1/23/2024 7:03 PM,Late Fee,,7124.0,Box Cutter,,,,jar,,
3904063,393,,,,,24.3,24.30,,,,1/23/2024 7:03 PM,Check Out (Renewal),,7124.0,Box Cutter,,,,jar,,Renewal
3904063,393,,,,,24.3,24.30,,,,1/23/2024 7:03 PM,Check Out (Renewal),,8437.0,Utility Knife,,,,jar,,Renewal
3904063,393,,,,,24.3,24.30,,,,1/23/2024 7:03 PM,Check Out (Renewal),,66725.0,Extension Cord,,,,jar,,Renewal
3904063,393,,,,,24.3,24.30,,,,1/23/2024 7:03 PM,Check Out (Renewal),,9462.0,Sponges,,,,jar,,Renewal
3904063,393,On Account,,,24.30,24.3,24.30,,,,1/23/2024 7:03 PM,,,,,,,,,,
3904075,4281,,,,,,,,,,1/23/2024 7:17 PM,Check Out,,9383.0,Reciprocating Saw,,,,jar,,
3904081,5139,,,,,1.8,1.80,,0.6,0.6,1/23/2024 7:26 PM,Late Fee,,1388.0,"Shop Vac (14Gal), Wet/Dry, Bucket",,,,jar,"Called previously on 2024-01-02 to renew over phone Called back in on 2024-01-23 Maybe ask them to bring the stuff back in before you renew again If they complain about it, tell them to think of the late fees as a donation",
3904081,5139,,,,,1.8,1.80,,0.6,0.6,1/23/2024 7:26 PM,Late Fee,,9548.0,Work Light,,,,jar,,
3904081,5139,,,,,1.8,1.80,,0.6,0.6,1/23/2024 7:26 PM,Late Fee,,9195.0,Work Light with stand,,,,jar,,
3904081,5139,,,,,1.8,1.80,,,,1/23/2024 7:26 PM,Loan Return,,4063.0,Wire Tracer,,,,jar,,
3904081,5139,,,,,1.8,1.80,,,,1/23/2024 7:26 PM,Loan Return,,1409.0,Fan,,,,jar,,
3904081,5139,,,,,1.8,1.80,,,,1/23/2024 7:26 PM,Loan Return,,9210.0,Tower Fan,,,,jar,,
3904081,5139,,,,,1.8,1.80,,,,1/23/2024 7:26 PM,Loan Return,,5139.0,Fan,,,,jar,,
3904081,5139,On Account,,,1.80,1.8,1.80,,,,1/23/2024 7:26 PM,,,,,,,,,,
3904098,3571,,,,,,,,,,1/23/2024 7:40 PM,Loan Return,,9555.0,Hole Saw Kit,,,,jar,,
3904100,3571,,,,,,,,,,1/23/2024 7:47 PM,Check Out,,5124.0,Fish Tape,,,,jar,,
3904100,3571,,,,,,,,,,1/23/2024 7:47 PM,Check Out,,66801.0,"Freud Drill Bit- 1""",,,,jar,,
3904105,5374,,,,,,,,,,1/23/2024 7:53 PM,Check Out,,5013.0,"Power Sander, Palm Grip",,,,jar,,
3904105,5374,,,,,,,,,,1/23/2024 7:53 PM,Check Out,,7799.0,Chisel,,,,jar,,
3904117,4277,,,,,1.0,1.00,1.0,,,1/23/2024 8:16 PM,Membership Change,,,,regular,,,jar,,
3904117,4277,,,,,1.0,1.00,1.0,0.7,0.7,1/23/2024 8:16 PM,Late Fee,,5172.0,Soldering Iron,,,,jar,,
3904117,4277,,,,,1.0,1.00,1.0,,0.3,1/23/2024 8:16 PM,Donation,,,,,,,jar,,
3904117,4277,Cash,0.7,,,1.0,1.00,1.0,,,1/23/2024 8:16 PM,,,,,,,,,,
3904117,4277,Cash,0.3,,,1.0,1.00,1.0,,,1/23/2024 8:16 PM,,,,,,,,,,
3904121,5375,,,,,,,,,,1/23/2024 8:26 PM,Membership Change,,,,Request_CheckIDAddressPhoneDOB,,,oco,,
3904131,3121,,,,,,,,,,1/23/2024 8:53 PM,Check Out,,6644.0,Jigsaw,,,,jar,,
3904134,4734,,,,,,,,,,1/23/2024 8:56 PM,Check Out,,7750.0,Staple Gun,,,,jar,,
3904135,4827,,,,,,,,,,1/23/2024 8:59 PM,Check Out,,30008.0,Ryobi Corded Drill,,,,jar,,
3904138,1129,,,,,,,,,,1/23/2024 9:00 PM,Loan Return,,8014.0,Concealed Hinge Jig,,,,jar,,
3904140,4576,,,,,,,,,,1/23/2024 9:01 PM,Check Out,,9055.0,Sewer Auger,,,,jar,,
3904140,4576,On Account,,,,,,,,,1/23/2024 9:01 PM,,,,,,,,,,
3905370,5376,,,,,,,,,,1/24/2024 11:05 AM,Membership Change,,,,Request_CheckIDAddressPhoneDOB,,,jho,,
3906200,4363,,,,,,,,,,1/24/2024 6:05 PM,Check Out,,832.0,Cordless Drill Set,,,,bri,,
3906200,4363,On Account,,,,,,,,,1/24/2024 6:05 PM,,,,,,,,,,
3906208,5089,,,,,1.2,1.20,1.2,0.4,0.4,1/24/2024 6:14 PM,Late Fee,,8134.0,Lopper,,,,bri,,
3906208,5089,,,,,1.2,1.20,1.2,0.4,0.4,1/24/2024 6:14 PM,Late Fee,,9255.0,Square shovel,,,,bri,,
3906208,5089,,,,,1.2,1.20,1.2,0.4,0.4,1/24/2024 6:14 PM,Late Fee,,761.0,Tree Pruner,,,,bri,,
3906208,5089,External Credit/Debit,1.2,,,1.2,1.20,1.2,,,1/24/2024 6:14 PM,,,,,,,,,,
3906219,2503,,,,,,,,,,1/24/2024 6:23 PM,Loan Return,,30013.0,Ryobi One+ Battery (4Ah),,,,bri,,
3906219,2503,,,,,,,,,,1/24/2024 6:23 PM,Loan Return,,9323.0,Cordless Drill,,,,bri,,
3906219,2503,,,,,,,,,,1/24/2024 6:23 PM,Check Out,,6859.0,Angle Grinder,,,,bri,,
3906222,1343,,,,,,,,,,1/24/2024 6:23 PM,Loan Return,,66709.0,Red Kickball,,,,bri,,
3906222,1343,,,,,,,,,,1/24/2024 6:23 PM,Loan Return,,4668.0,Tennis Balls,,,,bri,,
3906228,5330,,,,,,,,,,1/24/2024 6:30 PM,Loan Return,,2086.0,Electric Screwdriver,,,,bri,,
3906245,2503,,,,,,,,,,1/24/2024 7:00 PM,Loan Return,,6859.0,Angle Grinder,,,,bri,,
3906252,4827,,,,,,,,,,1/24/2024 7:09 PM,Loan Return,,30008.0,Ryobi Corded Drill,,,,bri,,
3906260,5326,,,,,0.2,,,0.1,0.1,1/24/2024 7:17 PM,Late Fee,,385.0,Snow Shovel,,,,bri,,
3906260,5326,,,,,0.2,,,0.1,0.1,1/24/2024 7:17 PM,Late Fee,,868.0,Snow Shovel,,,,bri,,
3906260,5326,Discount,,0.2,,0.2,,,,,1/24/2024 7:17 PM,,,,,,,,,,
3906273,393,,,,,,,,,,1/24/2024 7:33 PM,Check Out,,890.0,MicroSD Card,,,,bri,,
3906273,393,On Account,,,,,,,,,1/24/2024 7:33 PM,,,,,,,,,,
3906294,5009,,,,,,,,,,1/24/2024 7:51 PM,Loan Return,,4336.0,Pipe Wrench,,,,bri,,
3906294,5009,,,,,,,,,,1/24/2024 7:51 PM,Loan Return,,6969.0,Rubber Mallet,,,,bri,,
3906296,5009,,,,,,,,,,1/24/2024 7:53 PM,Check Out,,8947.0,Hand Truck,,,,bri,,
3907772,3414,,,,,,,,,,1/25/2024 11:12 AM,Loan Return,,7560.0,Car Battery Terminal Cleaner,,,,dan,,
3907772,3414,,,,,,,,,,1/25/2024 11:12 AM,Check Out (Renewal),,7560.0,Car Battery Terminal Cleaner,,,,dan,self-renewal,Renewal
3907774,3414,,,,,,,,,,1/25/2024 11:13 AM,Loan Return,,7762.0,Quick Grip Clamp,,,,dan,,
3907774,3414,,,,,,,,,,1/25/2024 11:13 AM,Check Out (Renewal),,7762.0,Quick Grip Clamp,,,,dan,self-renewal,Renewal
3907775,3414,,,,,,,,,,1/25/2024 11:13 AM,Loan Return,,8994.0,Bar Clamp,,,,dan,,
3907775,3414,,,,,,,,,,1/25/2024 11:13 AM,Check Out (Renewal),,8994.0,Bar Clamp,,,,dan,self-renewal,Renewal
3907776,3414,,,,,,,,,,1/25/2024 11:13 AM,Loan Return,,9530.0,Torque Wrench,,,,dan,,
3907776,3414,,,,,,,,,,1/25/2024 11:13 AM,Check Out (Renewal),,9530.0,Torque Wrench,,,,dan,self-renewal,Renewal
3908683,5009,,,,,,,,,,1/25/2024 6:24 PM,Loan Return,,8947.0,Hand Truck,,,,msh,,
3908706,5274,,,,,,,,,,1/25/2024 6:49 PM,Loan Return,,6788.0,Tamper,,,,msh,,
3908706,5274,,,,,,,,,,1/25/2024 6:49 PM,Loan Return,,9550.0,Spade,,,,msh,,
3908706,5274,,,,,,,,,,1/25/2024 6:49 PM,Loan Return,,8758.0,Rake,,,,msh,,
3908706,5274,,,,,,,,,,1/25/2024 6:49 PM,Loan Return,,4136.0,Pipe Wrench,,,,msh,,
3908706,5274,,,,,,,,,,1/25/2024 6:49 PM,Loan Return,,9429.0,Rake,,,,msh,,
3908712,5274,,,,,,,,,,1/25/2024 6:55 PM,Check Out,,6844.0,Stud Finder,,,,msh,,
3908712,5274,,,,,,,,,,1/25/2024 6:55 PM,Check Out,,4944.0,"Gear Puller, Small",,,,msh,,
3908719,5377,,,,,,,,,,1/25/2024 6:59 PM,Membership Change,,,,Request_CheckIDAddressPhoneDOB,,,dre,,
3908730,5215,,,,,5.1,5.00,5.0,5.1,5.1,1/25/2024 7:12 PM,Late Fee,,7230.0,Crock Pot,,,,msh,,
3908730,5215,Cash,5.0,,,5.1,5.00,5.0,,,1/25/2024 7:12 PM,,,,,,,,,,
3908730,5215,Discount,,0.1,,5.1,5.00,5.0,,,1/25/2024 7:12 PM,,,,,,,,,,
3908735,5377,,,,,,,,,,1/25/2024 7:16 PM,Membership Change,,,,regular,,,msh,,
3908735,5377,,,,,,,,,,1/25/2024 7:16 PM,Check Out,,66767.0,"10"" Pipe Wrench",,,,msh,,
3908735,5377,,,,,,,,,,1/25/2024 7:16 PM,Check Out,,3979.0,Adjusable Wrench,,,,msh,,
3908752,3438,,,,,,,,,,1/25/2024 7:31 PM,Check Out,,66841.0,"Gloves, Gardening",,,,msh,,
3908752,3438,,,,,,,,,,1/25/2024 7:31 PM,Check Out,,66787.0,Angle Grinder,,,,msh,,
3908752,3438,,,,,,,,,,1/25/2024 7:31 PM,Check Out,,8822.0,Mint stamp maker,,,,msh,,
3908752,3438,,,,,,,,,,1/25/2024 7:31 PM,Check Out,,7690.0,Garden Hoe,,,,msh,,
3908752,3438,,,,,,,,,,1/25/2024 7:31 PM,Check Out,,6364.0,Paint Tray,,,,msh,,
3908752,3438,,,,,,,,,,1/25/2024 7:31 PM,Check Out,,9526.0,Shears,,,,msh,,
3908752,3438,,,,,,,,,,1/25/2024 7:31 PM,Check Out,,8764.0,Spade Shovel,,,,msh,,
3909514,1402,,,,,0.6,,,0.1,0.1,1/26/2024 8:19 AM,Late Fee,,7749.0,"C-clamp, Plastic",,,,Gin,,
3909514,1402,,,,,0.6,,,0.1,0.1,1/26/2024 8:19 AM,Late Fee,,4996.0,Bit Set,,,,Gin,,
3909514,1402,,,,,0.6,,,0.1,0.1,1/26/2024 8:19 AM,Late Fee,,9186.0,Spade bit,,,,Gin,,
3909514,1402,,,,,0.6,,,0.1,0.1,1/26/2024 8:19 AM,Late Fee,,7402.0,Hole Saw Kit,,,,Gin,,
3909514,1402,,,,,0.6,,,0.1,0.1,1/26/2024 8:19 AM,Late Fee,,9349.0,Bench and Drill Vice Clamp,,,,Gin,,
3909514,1402,,,,,0.6,,,0.1,0.1,1/26/2024 8:19 AM,Late Fee,,9033.0,Wood chisel,,,,Gin,,
3909514,1402,,,,,0.6,,,,,1/26/2024 8:19 AM,Check Out (Renewal),,9033.0,Wood chisel,,,,Gin,,Renewal
3909514,1402,,,,,0.6,,,,,1/26/2024 8:19 AM,Check Out (Renewal),,9186.0,Spade bit,,,,Gin,,Renewal
3909514,1402,,,,,0.6,,,,,1/26/2024 8:19 AM,Check Out (Renewal),,7402.0,Hole Saw Kit,,,,Gin,,Renewal
3909514,1402,,,,,0.6,,,,,1/26/2024 8:19 AM,Check Out (Renewal),,9349.0,Bench and Drill Vice Clamp,,,,Gin,,Renewal
3909514,1402,,,,,0.6,,,,,1/26/2024 8:19 AM,Check Out (Renewal),,4996.0,Bit Set,,,,Gin,,Renewal
3909514,1402,,,,,0.6,,,,,1/26/2024 8:19 AM,Check Out (Renewal),,7749.0,"C-clamp, Plastic",,,,Gin,,Renewal
3909514,1402,Discount,,0.6,,0.6,,,,,1/26/2024 8:19 AM,,,,,,,,,,
